date,ead,day_1,day_2,day_3,day_4,day_5,day_6,month_2,month_3,month_4,month_5,month_6,month_7,month_8,month_9,month_10,month_11,month_12,holiday_1,holiday_2,holiday_3,sin_1_365.25,ead_lag_4,ead_lag_8,ead_lag_10,rolling_quantile_49_shift_10_q0.2
2023-05-13,0.527057241669944,0.0,0.0,0.0,0.0,1.0,0.0,0.0,0.0,0.0,1.0,0.0,0.0,0.0,0.0,0.0,0.0,0.0,0.0,0.0,0.0,0.8402480696078469,0.942227675135788,0.899846251713982,1.16068770505717,0.5360847566526143
2023-05-14,0.606952160762359,0.0,0.0,0.0,0.0,0.0,1.0,0.0,0.0,0.0,1.0,0.0,0.0,0.0,0.0,0.0,0.0,0.0,0.0,0.0,0.0,0.8494504794814806,1.3341801016122,0.384186268342254,0.857637471948671,0.541097758496253
2023-05-15,0.853075345911652,0.0,0.0,0.0,0.0,0.0,0.0,0.0,0.0,0.0,1.0,0.0,0.0,0.0,0.0,0.0,0.0,0.0,0.0,0.0,0.0,0.8584015232918917,1.11651587910444,0.523723798083827,0.899846251713982,0.5442056245396579
2023-05-16,0.636563125107858,1.0,0.0,0.0,0.0,0.0,0.0,0.0,0.0,0.0,1.0,0.0,0.0,0.0,0.0,0.0,0.0,0.0,0.0,0.0,0.0,0.8670985522812081,0.787563263168658,0.974484958863273,0.384186268342254,0.541097758496253
2023-05-17,0.45967312762874,0.0,1.0,0.0,0.0,0.0,0.0,0.0,0.0,0.0,1.0,0.0,0.0,0.0,0.0,0.0,0.0,0.0,0.0,0.0,0.0,0.8755389928586302,0.527057241669944,0.942227675135788,0.523723798083827,0.541097758496253
2023-05-18,0.390938974431128,0.0,0.0,1.0,0.0,0.0,0.0,0.0,0.0,0.0,1.0,0.0,0.0,0.0,0.0,0.0,0.0,0.0,0.0,0.0,0.0,0.8837203473619977,0.606952160762359,1.3341801016122,0.974484958863273,0.541097758496253
2023-05-19,0.299719737478456,0.0,0.0,0.0,1.0,0.0,0.0,0.0,0.0,0.0,1.0,0.0,0.0,0.0,0.0,0.0,0.0,0.0,0.0,0.0,0.0,0.8916401947968874,0.853075345911652,1.11651587910444,0.942227675135788,0.541097758496253
2023-05-20,0.309092312573856,0.0,0.0,0.0,0.0,1.0,0.0,0.0,0.0,0.0,1.0,0.0,0.0,0.0,0.0,0.0,0.0,0.0,0.0,0.0,0.0,0.8992961915530253,0.636563125107858,0.787563263168658,1.3341801016122,0.541097758496253
2023-05-21,0.331783719626385,0.0,0.0,0.0,0.0,0.0,1.0,0.0,0.0,0.0,1.0,0.0,0.0,0.0,0.0,0.0,0.0,0.0,0.0,0.0,0.0,0.9066860720977985,0.45967312762874,0.527057241669944,1.11651587910444,0.541097758496253
2023-05-22,0.361557840833704,0.0,0.0,0.0,0.0,0.0,0.0,0.0,0.0,0.0,1.0,0.0,0.0,0.0,0.0,0.0,0.0,0.0,0.0,0.0,0.0,0.9138076496466615,0.390938974431128,0.606952160762359,0.787563263168658,0.541097758496253
2023-05-23,0.494615662228253,1.0,0.0,0.0,0.0,0.0,0.0,0.0,0.0,0.0,1.0,0.0,0.0,0.0,0.0,0.0,0.0,0.0,0.0,0.0,0.0,0.9206588168102428,0.299719737478456,0.853075345911652,0.527057241669944,0.5360847566526143
2023-05-24,0.416240311889192,0.0,1.0,0.0,0.0,0.0,0.0,0.0,0.0,0.0,1.0,0.0,0.0,0.0,0.0,0.0,0.0,0.0,0.0,0.0,0.0,0.9272375462179537,0.309092312573856,0.636563125107858,0.606952160762359,0.5360847566526143
2023-05-25,0.357604289027226,0.0,0.0,1.0,0.0,0.0,0.0,0.0,0.0,0.0,1.0,0.0,0.0,0.0,0.0,0.0,0.0,0.0,0.0,0.0,0.0,0.9335418911179212,0.331783719626385,0.45967312762874,0.853075345911652,0.5360847566526143
2023-05-26,0.276400641886359,0.0,0.0,0.0,1.0,0.0,0.0,0.0,0.0,0.0,1.0,0.0,0.0,0.0,0.0,0.0,0.0,0.0,0.0,0.0,0.0,0.9395699859530622,0.361557840833704,0.390938974431128,0.636563125107858,0.5360847566526143
2023-05-27,0.185197553796077,0.0,0.0,0.0,0.0,1.0,0.0,0.0,0.0,0.0,1.0,0.0,0.0,0.0,0.0,0.0,0.0,0.0,0.0,0.0,0.0,0.945320046913132,0.494615662228253,0.299719737478456,0.45967312762874,0.5293133023149535
2023-05-28,0.175569748342264,0.0,0.0,0.0,0.0,0.0,1.0,0.0,0.0,0.0,1.0,0.0,0.0,0.0,0.0,0.0,0.0,0.0,0.0,0.0,0.0,0.9507903724625832,0.416240311889192,0.309092312573856,0.390938974431128,0.5257238642354972
2023-05-29,0.204381314484941,0.0,0.0,0.0,0.0,0.0,0.0,0.0,0.0,0.0,1.0,0.0,0.0,0.0,0.0,0.0,0.0,0.0,1.0,0.0,0.0,0.9559793438440766,0.357604289027226,0.331783719626385,0.299719737478456,0.5061519529621479
2023-05-30,0.307558844290287,1.0,0.0,0.0,0.0,0.0,0.0,0.0,0.0,0.0,1.0,0.0,0.0,0.0,0.0,0.0,0.0,0.0,0.0,1.0,0.0,0.9608854255574977,0.276400641886359,0.361557840833704,0.309092312573856,0.47174576221927345
2023-05-31,0.49107338314766,0.0,1.0,0.0,0.0,0.0,0.0,0.0,0.0,0.0,1.0,0.0,0.0,0.0,0.0,0.0,0.0,0.0,0.0,0.0,0.0,0.9655071658143364,0.185197553796077,0.494615662228253,0.331783719626385,0.44809210070483524
2023-06-01,0.345550153753838,0.0,0.0,1.0,0.0,0.0,0.0,0.0,0.0,0.0,0.0,1.0,0.0,0.0,0.0,0.0,0.0,0.0,0.0,0.0,0.0,0.969843196967294,0.175569748342264,0.416240311889192,0.361557840833704,0.4301914756552684
2023-06-02,0.360102191403682,0.0,0.0,0.0,1.0,0.0,0.0,0.0,0.0,0.0,0.0,1.0,0.0,0.0,0.0,0.0,0.0,0.0,0.0,0.0,0.0,0.9738922359149924,0.204381314484941,0.357604289027226,0.494615662228253,0.4301914756552684
2023-06-03,0.253440082997727,0.0,0.0,0.0,0.0,1.0,0.0,0.0,0.0,0.0,0.0,1.0,0.0,0.0,0.0,0.0,0.0,0.0,0.0,0.0,0.0,0.9776530844816641,0.307558844290287,0.276400641886359,0.416240311889192,0.4241348339514992
2023-06-04,0.31757605949919,0.0,0.0,0.0,0.0,0.0,1.0,0.0,0.0,0.0,0.0,1.0,0.0,0.0,0.0,0.0,0.0,0.0,0.0,0.0,0.0,0.981124629771712,0.49107338314766,0.185197553796077,0.357604289027226,0.40611977690596646
2023-06-05,0.704827061415178,0.0,0.0,0.0,0.0,0.0,0.0,0.0,0.0,0.0,0.0,1.0,0.0,0.0,0.0,0.0,0.0,0.0,0.0,0.0,0.0,0.984305844499033,0.345550153753838,0.175569748342264,0.276400641886359,0.3882378919955784
2023-06-06,0.801920609205192,1.0,0.0,0.0,0.0,0.0,0.0,0.0,0.0,0.0,0.0,1.0,0.0,0.0,0.0,0.0,0.0,0.0,0.0,0.0,0.0,0.9871957872910085,0.360102191403682,0.204381314484941,0.185197553796077,0.3882378919955784
2023-06-07,0.337444704083389,0.0,1.0,0.0,0.0,0.0,0.0,0.0,0.0,0.0,0.0,1.0,0.0,0.0,0.0,0.0,0.0,0.0,0.0,0.0,0.0,0.9897936029670716,0.253440082997727,0.307558844290287,0.175569748342264,0.37513489733883404
2023-06-08,0.448907106939882,0.0,0.0,1.0,0.0,0.0,0.0,0.0,0.0,0.0,0.0,1.0,0.0,0.0,0.0,0.0,0.0,0.0,0.0,0.0,0.0,0.992098522791769,0.31757605949919,0.49107338314766,0.204381314484941,0.3599764201111128
2023-06-09,0.37044738551973,0.0,0.0,0.0,1.0,0.0,0.0,0.0,0.0,0.0,0.0,1.0,0.0,0.0,0.0,0.0,0.0,0.0,0.0,0.0,0.0,0.9941098647022418,0.704827061415178,0.345550153753838,0.307558844290287,0.3543523078201516
2023-06-10,0.374017354260803,0.0,0.0,0.0,0.0,1.0,0.0,0.0,0.0,0.0,0.0,1.0,0.0,0.0,0.0,0.0,0.0,0.0,0.0,0.0,0.0,0.9958270335100595,0.801920609205192,0.360102191403682,0.49107338314766,0.3543523078201516
2023-06-11,0.707879461090044,0.0,0.0,0.0,0.0,0.0,1.0,0.0,0.0,0.0,0.0,1.0,0.0,0.0,0.0,0.0,0.0,0.0,0.0,0.0,0.0,0.9972495210773451,0.337444704083389,0.253440082997727,0.345550153753838,0.3479046631072592
2023-06-12,0.89588510726686,0.0,0.0,0.0,0.0,0.0,0.0,0.0,0.0,0.0,0.0,1.0,0.0,0.0,0.0,0.0,0.0,0.0,0.0,0.0,0.0,0.998376906467142,0.448907106939882,0.31757605949919,0.360102191403682,0.3527826349178708
2023-06-13,0.847229711827983,1.0,0.0,0.0,0.0,0.0,0.0,0.0,0.0,0.0,0.0,1.0,0.0,0.0,0.0,0.0,0.0,0.0,0.0,0.0,0.0,0.9992088560679753,0.37044738551973,0.704827061415178,0.253440082997727,0.3427475388814084
2023-06-14,0.77216013851684,0.0,1.0,0.0,0.0,0.0,0.0,0.0,0.0,0.0,0.0,1.0,0.0,0.0,0.0,0.0,0.0,0.0,0.0,0.0,0.0,0.9997451236925734,0.374017354260803,0.801920609205192,0.31757605949919,0.3358396577942124
2023-06-15,0.610083129528807,0.0,0.0,1.0,0.0,0.0,0.0,0.0,0.0,0.0,0.0,1.0,0.0,0.0,0.0,0.0,0.0,0.0,0.0,0.0,0.0,0.9999855506507186,0.707879461090044,0.337444704083389,0.704827061415178,0.3358396577942124
2023-06-16,0.289794458868327,0.0,0.0,0.0,1.0,0.0,0.0,0.0,0.0,0.0,0.0,1.0,0.0,0.0,0.0,0.0,0.0,0.0,0.0,0.0,0.0,0.9999300657962057,0.89588510726686,0.448907106939882,0.801920609205192,0.3358396577942124
2023-06-17,0.171847680722819,0.0,0.0,0.0,0.0,1.0,0.0,0.0,0.0,0.0,0.0,1.0,0.0,0.0,0.0,0.0,0.0,0.0,0.0,0.0,0.0,0.9995786855478958,0.847229711827983,0.37044738551973,0.337444704083389,0.3351803103005874
2023-06-18,0.262524019259489,0.0,0.0,0.0,0.0,0.0,1.0,0.0,0.0,0.0,0.0,1.0,0.0,0.0,0.0,0.0,0.0,0.0,0.0,0.0,0.0,0.9989315138848577,0.77216013851684,0.374017354260803,0.448907106939882,0.3351803103005874
2023-06-19,0.40262654417276,0.0,0.0,0.0,0.0,0.0,0.0,0.0,0.0,0.0,0.0,1.0,0.0,0.0,0.0,0.0,0.0,0.0,0.0,0.0,0.0,0.9979887423155984,0.610083129528807,0.707879461090044,0.37044738551973,0.3351803103005874
2023-06-20,0.264732443874669,1.0,0.0,0.0,0.0,0.0,0.0,0.0,0.0,0.0,0.0,1.0,0.0,0.0,0.0,0.0,0.0,0.0,0.0,0.0,0.0,0.9967506498213929,0.289794458868327,0.89588510726686,0.374017354260803,0.3351803103005874
2023-06-21,0.441768701188418,0.0,1.0,0.0,0.0,0.0,0.0,0.0,0.0,0.0,0.0,1.0,0.0,0.0,0.0,0.0,0.0,0.0,0.0,0.0,0.0,0.9952176027737294,0.171847680722819,0.847229711827983,0.707879461090044,0.3351803103005874
2023-06-22,0.352948987203366,0.0,0.0,1.0,0.0,0.0,0.0,0.0,0.0,0.0,0.0,1.0,0.0,0.0,0.0,0.0,0.0,0.0,0.0,0.0,0.0,0.9933900548258936,0.262524019259489,0.77216013851684,0.89588510726686,0.3351803103005874
2023-06-23,0.243103031102927,0.0,0.0,0.0,1.0,0.0,0.0,0.0,0.0,0.0,0.0,1.0,0.0,0.0,0.0,0.0,0.0,0.0,0.0,0.0,0.0,0.9912685467787256,0.40262654417276,0.610083129528807,0.847229711827983,0.3351803103005874
2023-06-24,0.209935667614155,0.0,0.0,0.0,0.0,1.0,0.0,0.0,0.0,0.0,0.0,1.0,0.0,0.0,0.0,0.0,0.0,0.0,0.0,0.0,0.0,0.9888537064205885,0.264732443874669,0.289794458868327,0.77216013851684,0.3351803103005874
2023-06-25,0.218245387311696,0.0,0.0,0.0,0.0,0.0,1.0,0.0,0.0,0.0,0.0,1.0,0.0,0.0,0.0,0.0,0.0,0.0,0.0,0.0,0.0,0.986146248341595,0.441768701188418,0.171847680722819,0.610083129528807,0.3351803103005874
2023-06-26,0.309583330532105,0.0,0.0,0.0,0.0,0.0,0.0,0.0,0.0,0.0,0.0,1.0,0.0,0.0,0.0,0.0,0.0,0.0,0.0,0.0,0.0,0.9831469737221499,0.352948987203366,0.262524019259489,0.289794458868327,0.326100655575507
2023-06-27,0.499287491434771,1.0,0.0,0.0,0.0,0.0,0.0,0.0,0.0,0.0,0.0,1.0,0.0,0.0,0.0,0.0,0.0,0.0,0.0,0.0,0.0,0.9798567700958665,0.243103031102927,0.40262654417276,0.171847680722819,0.3141825607290564
2023-06-28,0.2716394119324,0.0,1.0,0.0,0.0,0.0,0.0,0.0,0.0,0.0,0.0,1.0,0.0,0.0,0.0,0.0,0.0,0.0,0.0,0.0,0.0,0.9762766110869321,0.209935667614155,0.264732443874669,0.262524019259489,0.3084789252604284
2023-06-29,0.237647013243674,0.0,0.0,1.0,0.0,0.0,0.0,0.0,0.0,0.0,0.0,1.0,0.0,0.0,0.0,0.0,0.0,0.0,0.0,0.0,0.0,0.9724075561219968,0.218245387311696,0.441768701188418,0.40262654417276,0.3084789252604284
2023-06-30,0.266434514674835,0.0,0.0,0.0,1.0,0.0,0.0,0.0,0.0,0.0,0.0,1.0,0.0,0.0,0.0,0.0,0.0,0.0,0.0,0.0,0.0,0.9682507501166718,0.309583330532105,0.352948987203366,0.264732443874669,0.30442320156555464
2023-07-01,0.339460644240052,0.0,0.0,0.0,0.0,1.0,0.0,0.0,0.0,0.0,0.0,0.0,1.0,0.0,0.0,0.0,0.0,0.0,0.0,0.0,0.0,0.9638074231367307,0.499287491434771,0.243103031102927,0.441768701188418,0.30442320156555464
2023-07-02,0.238040859654317,0.0,0.0,0.0,0.0,0.0,1.0,0.0,0.0,0.0,0.0,0.0,1.0,0.0,0.0,0.0,0.0,0.0,0.0,0.0,0.0,0.9590788900341131,0.2716394119324,0.209935667614155,0.352948987203366,0.30442320156555464
2023-07-03,0.31828521051361,0.0,0.0,0.0,0.0,0.0,0.0,0.0,0.0,0.0,0.0,0.0,1.0,0.0,0.0,0.0,0.0,0.0,0.0,0.0,0.0,0.9540665500578387,0.237647013243674,0.218245387311696,0.243103031102927,0.2957496260344044
2023-07-04,0.304586855691127,1.0,0.0,0.0,0.0,0.0,0.0,0.0,0.0,0.0,0.0,0.0,1.0,0.0,0.0,0.0,0.0,0.0,0.0,0.0,0.0,0.9487718864399473,0.266434514674835,0.309583330532105,0.209935667614155,0.28443693207553983
2023-07-05,0.21211295026573,0.0,1.0,0.0,0.0,0.0,0.0,0.0,0.0,0.0,0.0,0.0,1.0,0.0,0.0,0.0,0.0,0.0,0.0,0.0,0.0,0.9431964659565866,0.339460644240052,0.499287491434771,0.218245387311696,0.271733362681683
2023-07-06,0.285401051595863,0.0,0.0,1.0,0.0,0.0,0.0,0.0,0.0,0.0,0.0,0.0,1.0,0.0,0.0,0.0,0.0,0.0,0.0,0.0,0.0,0.9373419384643772,0.238040859654317,0.2716394119324,0.309583330532105,0.271733362681683
2023-07-07,0.171390360109045,0.0,0.0,0.0,1.0,0.0,0.0,0.0,0.0,0.0,0.0,0.0,1.0,0.0,0.0,0.0,0.0,0.0,0.0,0.0,0.0,0.9312100364121947,0.31828521051361,0.237647013243674,0.499287491434771,0.271733362681683
2023-07-08,0.287314814774441,0.0,0.0,0.0,0.0,1.0,0.0,0.0,0.0,0.0,0.0,0.0,1.0,0.0,0.0,0.0,0.0,0.0,0.0,0.0,0.0,0.9248025743285089,0.304586855691127,0.266434514674835,0.2716394119324,0.2688766247093076
2023-07-09,0.164647143549639,0.0,0.0,0.0,0.0,0.0,1.0,0.0,0.0,0.0,0.0,0.0,1.0,0.0,0.0,0.0,0.0,0.0,0.0,0.0,0.0,0.9181214482844365,0.21211295026573,0.339460644240052,0.237647013243674,0.263849074028597
2023-07-10,0.255107614641457,0.0,0.0,0.0,0.0,0.0,0.0,0.0,0.0,0.0,0.0,0.0,1.0,0.0,0.0,0.0,0.0,0.0,0.0,0.0,0.0,0.9111686353326631,0.285401051595863,0.238040859654317,0.266434514674835,0.263849074028597
2023-07-11,0.413058934981925,1.0,0.0,0.0,0.0,0.0,0.0,0.0,0.0,0.0,0.0,0.0,1.0,0.0,0.0,0.0,0.0,0.0,0.0,0.0,0.0,0.9039461929224011,0.171390360109045,0.31828521051361,0.339460644240052,0.263849074028597
2023-07-12,0.303440013361237,0.0,1.0,0.0,0.0,0.0,0.0,0.0,0.0,0.0,0.0,0.0,1.0,0.0,0.0,0.0,0.0,0.0,0.0,0.0,0.0,0.8964562582905575,0.287314814774441,0.304586855691127,0.238040859654317,0.25889044475478423
2023-07-13,0.156306549368271,0.0,0.0,1.0,0.0,0.0,0.0,0.0,0.0,0.0,0.0,0.0,1.0,0.0,0.0,0.0,0.0,0.0,0.0,0.0,0.0,0.8887010478292915,0.164647143549639,0.21211295026573,0.31828521051361,0.25889044475478423
2023-07-14,0.214730055819019,0.0,0.0,0.0,1.0,0.0,0.0,0.0,0.0,0.0,0.0,0.0,1.0,0.0,0.0,0.0,0.0,0.0,0.0,0.0,0.0,0.8806828564301475,0.255107614641457,0.285401051595863,0.304586855691127,0.25889044475478423
2023-07-15,0.181534432554719,0.0,0.0,0.0,0.0,1.0,0.0,0.0,0.0,0.0,0.0,0.0,1.0,0.0,0.0,0.0,0.0,0.0,0.0,0.0,0.0,0.8724040568049612,0.413058934981925,0.171390360109045,0.21211295026573,0.24930526223980704
2023-07-16,0.147558582601744,0.0,0.0,0.0,0.0,0.0,1.0,0.0,0.0,0.0,0.0,0.0,1.0,0.0,0.0,0.0,0.0,0.0,0.0,0.0,0.0,0.8638670987837349,0.303440013361237,0.287314814774441,0.285401051595863,0.24930526223980704
2023-07-17,0.182425529256107,0.0,0.0,0.0,0.0,0.0,0.0,0.0,0.0,0.0,0.0,0.0,1.0,0.0,0.0,0.0,0.0,0.0,0.0,0.0,0.0,0.8550745085896932,0.156306549368271,0.164647143549639,0.171390360109045,0.24107816252348302
2023-07-18,0.179908794010801,1.0,0.0,0.0,0.0,0.0,0.0,0.0,0.0,0.0,0.0,0.0,1.0,0.0,0.0,0.0,0.0,0.0,0.0,0.0,0.0,0.8460288880917339,0.214730055819019,0.255107614641457,0.287314814774441,0.24107816252348302
2023-07-19,0.250573742336899,0.0,1.0,0.0,0.0,0.0,0.0,0.0,0.0,0.0,0.0,0.0,1.0,0.0,0.0,0.0,0.0,0.0,0.0,0.0,0.0,0.8367329140344921,0.181534432554719,0.413058934981925,0.164647143549639,0.2378833210900598
2023-07-20,0.325609110325826,0.0,0.0,1.0,0.0,0.0,0.0,0.0,0.0,0.0,0.0,0.0,1.0,0.0,0.0,0.0,0.0,0.0,0.0,0.0,0.0,0.8271893372462497,0.147558582601744,0.303440013361237,0.255107614641457,0.2378833210900598
2023-07-21,0.217824172125965,0.0,0.0,0.0,1.0,0.0,0.0,0.0,0.0,0.0,0.0,0.0,1.0,0.0,0.0,0.0,0.0,0.0,0.0,0.0,0.0,0.8174009818249189,0.182425529256107,0.156306549368271,0.413058934981925,0.2378833210900598
2023-07-22,0.193956453484332,0.0,0.0,0.0,0.0,1.0,0.0,0.0,0.0,0.0,0.0,0.0,1.0,0.0,0.0,0.0,0.0,0.0,0.0,0.0,0.0,0.8073707443023492,0.179908794010801,0.214730055819019,0.303440013361237,0.2378833210900598
2023-07-23,0.355943290392086,0.0,0.0,0.0,0.0,0.0,1.0,0.0,0.0,0.0,0.0,0.0,1.0,0.0,0.0,0.0,0.0,0.0,0.0,0.0,0.0,0.7971015927871943,0.250573742336899,0.181534432554719,0.156306549368271,0.22988636287088282
2023-07-24,0.405081594675103,0.0,0.0,0.0,0.0,0.0,0.0,0.0,0.0,0.0,0.0,0.0,1.0,0.0,0.0,0.0,0.0,0.0,0.0,0.0,0.0,0.7865965660866021,0.325609110325826,0.147558582601744,0.214730055819019,0.2168392547146252
2023-07-25,0.365885420682723,1.0,0.0,0.0,0.0,0.0,0.0,0.0,0.0,0.0,0.0,0.0,1.0,0.0,0.0,0.0,0.0,0.0,0.0,0.0,0.0,0.7758587728069828,0.217824172125965,0.182425529256107,0.181534432554719,0.2168392547146252
2023-07-26,0.313952451635452,0.0,1.0,0.0,0.0,0.0,0.0,0.0,0.0,0.0,0.0,0.0,1.0,0.0,0.0,0.0,0.0,0.0,0.0,0.0,0.0,0.7648913904341226,0.193956453484332,0.179908794010801,0.147558582601744,0.2168392547146252
2023-07-27,0.294218702670197,0.0,0.0,1.0,0.0,0.0,0.0,0.0,0.0,0.0,0.0,0.0,1.0,0.0,0.0,0.0,0.0,0.0,0.0,0.0,0.0,0.753697664392914,0.355943290392086,0.250573742336899,0.182425529256107,0.2168392547146252
2023-07-28,0.390365962015623,0.0,0.0,0.0,1.0,0.0,0.0,0.0,0.0,0.0,0.0,0.0,1.0,0.0,0.0,0.0,0.0,0.0,0.0,0.0,0.0,0.742280907086982,0.405081594675103,0.325609110325826,0.179908794010801,0.2136832135977034
2023-07-29,0.448120610509655,0.0,0.0,0.0,0.0,1.0,0.0,0.0,0.0,0.0,0.0,0.0,1.0,0.0,0.0,0.0,0.0,0.0,0.0,0.0,0.0,0.7306444969184916,0.365885420682723,0.217824172125965,0.250573742336899,0.2136832135977034
2023-07-30,0.273901361451835,0.0,0.0,0.0,0.0,0.0,1.0,0.0,0.0,0.0,0.0,0.0,1.0,0.0,0.0,0.0,0.0,0.0,0.0,0.0,0.0,0.7187918772884232,0.313952451635452,0.193956453484332,0.325609110325826,0.2136832135977034
2023-07-31,0.232019518226976,0.0,0.0,0.0,0.0,0.0,0.0,0.0,0.0,0.0,0.0,0.0,1.0,0.0,0.0,0.0,0.0,0.0,0.0,0.0,0.0,0.7067265555776159,0.294218702670197,0.355943290392086,0.217824172125965,0.2136832135977034
2023-08-01,0.490379117551991,1.0,0.0,0.0,0.0,0.0,0.0,0.0,0.0,0.0,0.0,0.0,0.0,1.0,0.0,0.0,0.0,0.0,0.0,0.0,0.0,0.6944521021088763,0.390365962015623,0.405081594675103,0.193956453484332,0.2112420372051
2023-08-02,0.670822017790106,0.0,1.0,0.0,0.0,0.0,0.0,0.0,0.0,0.0,0.0,0.0,0.0,1.0,0.0,0.0,0.0,0.0,0.0,0.0,0.0,0.6819721490904629,0.448120610509655,0.365885420682723,0.355943290392086,0.2112420372051
2023-08-03,0.64026095743175,0.0,0.0,1.0,0.0,0.0,0.0,0.0,0.0,0.0,0.0,0.0,0.0,1.0,0.0,0.0,0.0,0.0,0.0,0.0,0.0,0.6692903895412567,0.273901361451835,0.313952451635452,0.405081594675103,0.2112420372051
2023-08-04,0.425916680323852,0.0,0.0,0.0,1.0,0.0,0.0,0.0,0.0,0.0,0.0,0.0,0.0,1.0,0.0,0.0,0.0,0.0,0.0,0.0,0.0,0.6564105761979381,0.232019518226976,0.294218702670197,0.365885420682723,0.2112420372051
2023-08-05,0.355228708969441,0.0,0.0,0.0,0.0,1.0,0.0,0.0,0.0,0.0,0.0,0.0,0.0,1.0,0.0,0.0,0.0,0.0,0.0,0.0,0.0,0.6433365204044917,0.490379117551991,0.390365962015623,0.313952451635452,0.2112420372051
2023-08-06,0.43227425944097,0.0,0.0,0.0,0.0,0.0,1.0,0.0,0.0,0.0,0.0,0.0,0.0,1.0,0.0,0.0,0.0,0.0,0.0,0.0,0.0,0.6300720909843687,0.670822017790106,0.448120610509655,0.294218702670197,0.2112420372051
2023-08-07,0.688649135347072,0.0,0.0,0.0,0.0,0.0,0.0,0.0,0.0,0.0,0.0,0.0,0.0,1.0,0.0,0.0,0.0,0.0,0.0,0.0,0.0,0.6166212130956382,0.64026095743175,0.273901361451835,0.390365962015623,0.2112420372051
2023-08-08,0.616106263793678,1.0,0.0,0.0,0.0,0.0,0.0,0.0,0.0,0.0,0.0,0.0,0.0,1.0,0.0,0.0,0.0,0.0,0.0,0.0,0.0,0.6029878670694714,0.425916680323852,0.232019518226976,0.448120610509655,0.2112420372051
2023-08-09,0.404392591598769,0.0,1.0,0.0,0.0,0.0,0.0,0.0,0.0,0.0,0.0,0.0,0.0,1.0,0.0,0.0,0.0,0.0,0.0,0.0,0.0,0.5891760872322963,0.355228708969441,0.490379117551991,0.273901361451835,0.2112420372051
2023-08-10,0.430386207745502,0.0,0.0,1.0,0.0,0.0,0.0,0.0,0.0,0.0,0.0,0.0,0.0,1.0,0.0,0.0,0.0,0.0,0.0,0.0,0.0,0.5751899607119775,0.43227425944097,0.670822017790106,0.232019518226976,0.2112420372051
2023-08-11,0.316575630213138,0.0,0.0,0.0,1.0,0.0,0.0,0.0,0.0,0.0,0.0,0.0,0.0,1.0,0.0,0.0,0.0,0.0,0.0,0.0,0.0,0.5610336262283677,0.688649135347072,0.64026095743175,0.490379117551991,0.2112420372051
2023-08-12,0.259848043388266,0.0,0.0,0.0,0.0,1.0,0.0,0.0,0.0,0.0,0.0,0.0,0.0,1.0,0.0,0.0,0.0,0.0,0.0,0.0,0.0,0.5467112728685939,0.616106263793678,0.425916680323852,0.670822017790106,0.2112420372051
2023-08-13,0.254910229765869,0.0,0.0,0.0,0.0,0.0,1.0,0.0,0.0,0.0,0.0,0.0,0.0,1.0,0.0,0.0,0.0,0.0,0.0,0.0,0.0,0.5322271388474397,0.404392591598769,0.355228708969441,0.64026095743175,0.2112420372051
2023-08-14,0.351788923345236,0.0,0.0,0.0,0.0,0.0,0.0,0.0,0.0,0.0,0.0,0.0,0.0,1.0,0.0,0.0,0.0,0.0,0.0,0.0,0.0,0.5175855102531889,0.430386207745502,0.43227425944097,0.425916680323852,0.2112420372051
2023-08-15,0.398670345779153,1.0,0.0,0.0,0.0,0.0,0.0,0.0,0.0,0.0,0.0,0.0,0.0,1.0,0.0,0.0,0.0,0.0,0.0,0.0,0.0,0.5027907197793043,0.316575630213138,0.688649135347072,0.355228708969441,0.2136832135977034
2023-08-16,0.283336887981331,0.0,1.0,0.0,0.0,0.0,0.0,0.0,0.0,0.0,0.0,0.0,0.0,1.0,0.0,0.0,0.0,0.0,0.0,0.0,0.0,0.4878471454423119,0.259848043388266,0.616106263793678,0.43227425944097,0.2136832135977034
2023-08-17,0.412800433895737,0.0,0.0,1.0,0.0,0.0,0.0,0.0,0.0,0.0,0.0,0.0,0.0,1.0,0.0,0.0,0.0,0.0,0.0,0.0,0.0,0.47275920928627757,0.254910229765869,0.404392591598769,0.688649135347072,0.2136832135977034
2023-08-18,0.387767891651662,0.0,0.0,0.0,1.0,0.0,0.0,0.0,0.0,0.0,0.0,0.0,0.0,1.0,0.0,0.0,0.0,0.0,0.0,0.0,0.0,0.4575313760742512,0.351788923345236,0.430386207745502,0.616106263793678,0.2136832135977034
2023-08-19,0.259057603427543,0.0,0.0,0.0,0.0,1.0,0.0,0.0,0.0,0.0,0.0,0.0,0.0,1.0,0.0,0.0,0.0,0.0,0.0,0.0,0.0,0.44216815196707204,0.398670345779153,0.316575630213138,0.404392591598769,0.2136832135977034
2023-08-20,0.249838569388718,0.0,0.0,0.0,0.0,0.0,1.0,0.0,0.0,0.0,0.0,0.0,0.0,1.0,0.0,0.0,0.0,0.0,0.0,0.0,0.0,0.42667408318992467,0.283336887981331,0.259848043388266,0.430386207745502,0.2136832135977034
2023-08-21,0.423957713226388,0.0,0.0,0.0,0.0,0.0,0.0,0.0,0.0,0.0,0.0,0.0,0.0,1.0,0.0,0.0,0.0,0.0,0.0,0.0,0.0,0.4110537546870351,0.412800433895737,0.254910229765869,0.316575630213138,0.2136832135977034
2023-08-22,0.630555384728833,1.0,0.0,0.0,0.0,0.0,0.0,0.0,0.0,0.0,0.0,0.0,0.0,1.0,0.0,0.0,0.0,0.0,0.0,0.0,0.0,0.3953117887649151,0.387767891651662,0.351788923345236,0.259848043388266,0.2165865256031866
2023-08-23,0.45489489434436,0.0,1.0,0.0,0.0,0.0,0.0,0.0,0.0,0.0,0.0,0.0,0.0,1.0,0.0,0.0,0.0,0.0,0.0,0.0,0.0,0.37945284372454435,0.259057603427543,0.398670345779153,0.254910229765869,0.2165865256031866
2023-08-24,0.544484260605275,0.0,0.0,1.0,0.0,0.0,0.0,0.0,0.0,0.0,0.0,0.0,0.0,1.0,0.0,0.0,0.0,0.0,0.0,0.0,0.0,0.36348161248290634,0.249838569388718,0.283336887981331,0.351788923345236,0.2165865256031866
2023-08-25,0.58855449824067,0.0,0.0,0.0,1.0,0.0,0.0,0.0,0.0,0.0,0.0,0.0,0.0,1.0,0.0,0.0,0.0,0.0,0.0,0.0,0.0,0.3474028211842774,0.423957713226388,0.412800433895737,0.398670345779153,0.2165865256031866
2023-08-26,0.431450741718364,0.0,0.0,0.0,0.0,1.0,0.0,0.0,0.0,0.0,0.0,0.0,0.0,1.0,0.0,0.0,0.0,0.0,0.0,0.0,0.0,0.3312212278016865,0.630555384728833,0.387767891651662,0.283336887981331,0.2165865256031866
2023-08-27,0.361134193403755,0.0,0.0,0.0,0.0,0.0,1.0,0.0,0.0,0.0,0.0,0.0,0.0,1.0,0.0,0.0,0.0,0.0,0.0,0.0,0.0,0.31494162072895193,0.45489489434436,0.259057603427543,0.412800433895737,0.2165865256031866
2023-08-28,0.249356879913115,0.0,0.0,0.0,0.0,0.0,0.0,0.0,0.0,0.0,0.0,0.0,0.0,1.0,0.0,0.0,0.0,0.0,1.0,0.0,0.0,0.2985688173637202,0.544484260605275,0.249838569388718,0.387767891651662,0.2165865256031866
2023-08-29,0.449163645899402,1.0,0.0,0.0,0.0,0.0,0.0,0.0,0.0,0.0,0.0,0.0,0.0,1.0,0.0,0.0,0.0,0.0,0.0,1.0,0.0,0.2821076626819194,0.58855449824067,0.423957713226388,0.259057603427543,0.2165865256031866
2023-08-30,0.510453727119977,0.0,1.0,0.0,0.0,0.0,0.0,0.0,0.0,0.0,0.0,0.0,0.0,1.0,0.0,0.0,0.0,0.0,0.0,0.0,0.0,0.26556302780405594,0.431450741718364,0.630555384728833,0.249838569388718,0.2165865256031866
2023-08-31,0.488547498132593,0.0,0.0,1.0,0.0,0.0,0.0,0.0,0.0,0.0,0.0,0.0,0.0,1.0,0.0,0.0,0.0,0.0,0.0,0.0,0.0,0.24893980855376657,0.361134193403755,0.45489489434436,0.423957713226388,0.2165865256031866
2023-09-01,0.332850935091969,0.0,0.0,0.0,1.0,0.0,0.0,0.0,0.0,0.0,0.0,0.0,0.0,0.0,1.0,0.0,0.0,0.0,0.0,0.0,0.0,0.23224292400907015,0.249356879913115,0.544484260605275,0.630555384728833,0.2165865256031866
2023-09-02,0.380559809616176,0.0,0.0,0.0,0.0,1.0,0.0,0.0,0.0,0.0,0.0,0.0,0.0,0.0,1.0,0.0,0.0,0.0,0.0,0.0,0.0,0.21547731504673012,0.449163645899402,0.58855449824067,0.45489489434436,0.22634137978657162
2023-09-03,0.3577070958093,0.0,0.0,0.0,0.0,0.0,1.0,0.0,0.0,0.0,0.0,0.0,0.0,0.0,1.0,0.0,0.0,0.0,0.0,0.0,0.0,0.19864794288017112,0.510453727119977,0.431450741718364,0.544484260605275,0.22634137978657162
2023-09-04,0.312058994232292,0.0,0.0,0.0,0.0,0.0,0.0,0.0,0.0,0.0,0.0,0.0,0.0,0.0,1.0,0.0,0.0,0.0,0.0,0.0,0.0,0.18175978759137534,0.488547498132593,0.361134193403755,0.58855449824067,0.24271094892402123
2023-09-05,0.716142900966778,1.0,0.0,0.0,0.0,0.0,0.0,0.0,0.0,0.0,0.0,0.0,0.0,0.0,1.0,0.0,0.0,0.0,0.0,0.0,0.0,0.16481784665719793,0.332850935091969,0.249356879913115,0.431450741718364,0.24271094892402123
2023-09-06,0.740579928220893,0.0,1.0,0.0,0.0,0.0,0.0,0.0,0.0,0.0,0.0,0.0,0.0,0.0,1.0,0.0,0.0,0.0,0.0,0.0,0.0,0.14782713347053048,0.380559809616176,0.449163645899402,0.361134193403755,0.2502796731576266
2023-09-07,0.756512036566997,0.0,0.0,1.0,0.0,0.0,0.0,0.0,0.0,0.0,0.0,0.0,0.0,0.0,1.0,0.0,0.0,0.0,0.0,0.0,0.0,0.13079267585675922,0.3577070958093,0.510453727119977,0.249356879913115,0.2496458935984768
2023-09-08,0.635687248011829,0.0,0.0,0.0,1.0,0.0,0.0,0.0,0.0,0.0,0.0,0.0,0.0,0.0,1.0,0.0,0.0,0.0,0.0,0.0,0.0,0.11371951458594969,0.312058994232292,0.488547498132593,0.449163645899402,0.2496458935984768
2023-09-09,0.382208222412597,0.0,0.0,0.0,0.0,1.0,0.0,0.0,0.0,0.0,0.0,0.0,0.0,0.0,1.0,0.0,0.0,0.0,0.0,0.0,0.0,0.0966127018812031,0.716142900966778,0.332850935091969,0.510453727119977,0.2496458935984768
2023-09-10,0.53548237086147,0.0,0.0,0.0,0.0,0.0,1.0,0.0,0.0,0.0,0.0,0.0,0.0,0.0,1.0,0.0,0.0,0.0,0.0,0.0,0.0,0.07947729992362097,0.740579928220893,0.380559809616176,0.488547498132593,0.2502796731576266
2023-09-11,0.774056680317794,0.0,0.0,0.0,0.0,0.0,0.0,0.0,0.0,0.0,0.0,0.0,0.0,0.0,1.0,0.0,0.0,0.0,0.0,0.0,0.0,0.062318379354325076,0.756512036566997,0.3577070958093,0.332850935091969,0.253175634794281
2023-09-12,1.16355210839312,1.0,0.0,0.0,0.0,0.0,0.0,0.0,0.0,0.0,0.0,0.0,0.0,0.0,1.0,0.0,0.0,0.0,0.0,0.0,0.0,0.04514101777397193,0.635687248011829,0.312058994232292,0.380559809616176,0.2573986539628734
2023-09-13,0.514802996592348,0.0,1.0,0.0,0.0,0.0,0.0,0.0,0.0,0.0,0.0,0.0,0.0,0.0,1.0,0.0,0.0,0.0,0.0,0.0,0.0,0.02795029824021032,0.382208222412597,0.716142900966778,0.3577070958093,0.2595318674039768
2023-09-14,0.284507920607944,0.0,0.0,1.0,0.0,0.0,0.0,0.0,0.0,0.0,0.0,0.0,0.0,0.0,1.0,0.0,0.0,0.0,0.0,0.0,0.0,0.01075130776352193,0.53548237086147,0.740579928220893,0.312058994232292,0.26828003422640745
2023-09-15,0.440591231159109,0.0,0.0,0.0,1.0,0.0,0.0,0.0,0.0,0.0,0.0,0.0,0.0,0.0,1.0,0.0,0.0,0.0,0.0,0.0,0.0,-0.00645086419810515,0.774056680317794,0.756512036566997,0.716142900966778,0.2795626773695326
2023-09-16,0.417268437080018,0.0,0.0,0.0,0.0,1.0,0.0,0.0,0.0,0.0,0.0,0.0,0.0,0.0,1.0,0.0,0.0,0.0,0.0,0.0,0.0,-0.023651127245231586,1.16355210839312,0.635687248011829,0.740579928220893,0.2898659767946506
2023-09-17,0.293384290162684,0.0,0.0,0.0,0.0,0.0,1.0,0.0,0.0,0.0,0.0,0.0,0.0,0.0,1.0,0.0,0.0,0.0,0.0,0.0,0.0,-0.04084439154329611,0.514802996592348,0.382208222412597,0.756512036566997,0.2898659767946506
2023-09-18,0.363480319970884,0.0,0.0,0.0,0.0,0.0,0.0,0.0,0.0,0.0,0.0,0.0,0.0,0.0,1.0,0.0,0.0,0.0,0.0,0.0,0.0,-0.05802556932878035,0.284507920607944,0.53548237086147,0.635687248011829,0.304922877607454
2023-09-19,0.524960642181278,1.0,0.0,0.0,0.0,0.0,0.0,0.0,0.0,0.0,0.0,0.0,0.0,0.0,1.0,0.0,0.0,0.0,0.0,0.0,0.0,-0.07518957641475855,0.440591231159109,0.774056680317794,0.382208222412597,0.313195068674188
2023-09-20,0.356857442915288,0.0,1.0,0.0,0.0,0.0,0.0,0.0,0.0,0.0,0.0,0.0,0.0,0.0,1.0,0.0,0.0,0.0,0.0,0.0,0.0,-0.09233133369539123,0.417268437080018,1.16355210839312,0.53548237086147,0.313195068674188
2023-09-21,0.286412247841715,0.0,0.0,1.0,0.0,0.0,0.0,0.0,0.0,0.0,0.0,0.0,0.0,0.0,1.0,0.0,0.0,0.0,0.0,0.0,0.0,-0.10944576864891556,0.293384290162684,0.514802996592348,0.774056680317794,0.313195068674188
2023-09-22,0.231756254389421,0.0,0.0,0.0,1.0,0.0,0.0,0.0,0.0,0.0,0.0,0.0,0.0,0.0,1.0,0.0,0.0,0.0,0.0,0.0,0.0,-0.12652781683868314,0.363480319970884,0.284507920607944,1.16355210839312,0.313195068674188
2023-09-23,0.165489619563092,0.0,0.0,0.0,0.0,1.0,0.0,0.0,0.0,0.0,0.0,0.0,0.0,0.0,1.0,0.0,0.0,0.0,0.0,0.0,0.0,-0.1435724234118113,0.524960642181278,0.440591231159109,0.514802996592348,0.3147689758207996
2023-09-24,0.218979658259883,0.0,0.0,0.0,0.0,0.0,1.0,0.0,0.0,0.0,0.0,0.0,0.0,0.0,1.0,0.0,0.0,0.0,0.0,0.0,0.0,-0.16057454459499376,0.356857442915288,0.417268437080018,0.284507920607944,0.3147689758207996
2023-09-25,0.430783650496016,0.0,0.0,0.0,0.0,0.0,0.0,0.0,0.0,0.0,0.0,0.0,0.0,0.0,1.0,0.0,0.0,0.0,0.0,0.0,0.0,-0.17752914918703497,0.286412247841715,0.293384290162684,0.440591231159109,0.3147689758207996
2023-09-26,0.85657696508105,1.0,0.0,0.0,0.0,0.0,0.0,0.0,0.0,0.0,0.0,0.0,0.0,0.0,1.0,0.0,0.0,0.0,0.0,0.0,0.0,-0.19443122004766195,0.231756254389421,0.363480319970884,0.417268437080018,0.3147689758207996
2023-09-27,0.482841400759343,0.0,1.0,0.0,0.0,0.0,0.0,0.0,0.0,0.0,0.0,0.0,0.0,0.0,1.0,0.0,0.0,0.0,0.0,0.0,0.0,-0.2112757555821793,0.165489619563092,0.524960642181278,0.293384290162684,0.3147689758207996
2023-09-28,0.684238522088959,0.0,0.0,1.0,0.0,0.0,0.0,0.0,0.0,0.0,0.0,0.0,0.0,0.0,1.0,0.0,0.0,0.0,0.0,0.0,0.0,-0.2280577712215198,0.218979658259883,0.356857442915288,0.363480319970884,0.3263408131404366
2023-09-29,0.607931303731983,0.0,0.0,0.0,1.0,0.0,0.0,0.0,0.0,0.0,0.0,0.0,0.0,0.0,1.0,0.0,0.0,0.0,0.0,0.0,0.0,-0.24477230089725957,0.430783650496016,0.286412247841715,0.524960642181278,0.3263408131404366
2023-09-30,0.44993723529691,0.0,0.0,0.0,0.0,1.0,0.0,0.0,0.0,0.0,0.0,0.0,0.0,0.0,1.0,0.0,0.0,0.0,0.0,0.0,0.0,-0.2614143985111562,0.85657696508105,0.231756254389421,0.356857442915288,0.3263408131404366
2023-10-01,0.433815317204174,0.0,0.0,0.0,0.0,0.0,1.0,0.0,0.0,0.0,0.0,0.0,0.0,0.0,0.0,1.0,0.0,0.0,0.0,0.0,0.0,-0.2779791393987801,0.482841400759343,0.165489619563092,0.286412247841715,0.3147689758207996
2023-10-02,0.570002316091239,0.0,0.0,0.0,0.0,0.0,0.0,0.0,0.0,0.0,0.0,0.0,0.0,0.0,0.0,1.0,0.0,0.0,0.0,0.0,0.0,-0.2944616217868012,0.684238522088959,0.218979658259883,0.231756254389421,0.3045891126044488
2023-10-03,1.44827276769725,1.0,0.0,0.0,0.0,0.0,0.0,0.0,0.0,0.0,0.0,0.0,0.0,0.0,0.0,1.0,0.0,0.0,0.0,0.0,1.0,-0.3108569682435036,0.607931303731983,0.430783650496016,0.165489619563092,0.2905954732342964
2023-10-04,0.557753720199263,0.0,1.0,0.0,0.0,0.0,0.0,0.0,0.0,0.0,0.0,0.0,0.0,0.0,0.0,1.0,0.0,0.0,0.0,0.0,0.0,-0.3271603271220951,0.44993723529691,0.85657696508105,0.218979658259883,0.2856505169482066
2023-10-05,0.41327730843174,0.0,0.0,1.0,0.0,0.0,0.0,0.0,0.0,0.0,0.0,0.0,0.0,0.0,0.0,1.0,0.0,0.0,0.0,0.0,0.0,-0.34336687399638804,0.433815317204174,0.482841400759343,0.430783650496016,0.2856505169482066
2023-10-06,0.407747172610137,0.0,0.0,0.0,1.0,0.0,0.0,0.0,0.0,0.0,0.0,0.0,0.0,0.0,0.0,1.0,0.0,0.0,0.0,0.0,0.0,-0.3594718130884232,0.570002316091239,0.684238522088959,0.85657696508105,0.2856505169482066
2023-10-07,0.35606373671765,0.0,0.0,0.0,0.0,1.0,0.0,0.0,0.0,0.0,0.0,0.0,0.0,0.0,0.0,1.0,0.0,0.0,0.0,0.0,0.0,-0.3754703786876202,1.44827276769725,0.607931303731983,0.482841400759343,0.2856505169482066
2023-10-08,0.565857175613868,0.0,0.0,0.0,0.0,0.0,1.0,0.0,0.0,0.0,0.0,0.0,0.0,0.0,0.0,1.0,0.0,0.0,0.0,0.0,0.0,-0.3913578365610259,0.557753720199263,0.44993723529691,0.684238522088959,0.2856505169482066
2023-10-09,0.41832749439581,0.0,0.0,0.0,0.0,0.0,0.0,0.0,0.0,0.0,0.0,0.0,0.0,0.0,0.0,1.0,0.0,0.0,0.0,0.0,0.0,-0.4071294853542516,0.41327730843174,0.433815317204174,0.607931303731983,0.2856505169482066
2023-10-10,0.92022064374248,1.0,0.0,0.0,0.0,0.0,0.0,0.0,0.0,0.0,0.0,0.0,0.0,0.0,0.0,1.0,0.0,0.0,0.0,0.0,0.0,-0.4227806579826773,0.407747172610137,0.570002316091239,0.44993723529691,0.2905954732342964
2023-10-11,0.66578795877882,0.0,1.0,0.0,0.0,0.0,0.0,0.0,0.0,0.0,0.0,0.0,0.0,0.0,0.0,1.0,0.0,0.0,0.0,0.0,0.0,-0.4383067230125192,0.35606373671765,1.44827276769725,0.433815317204174,0.3045891126044488
2023-10-12,0.618749048105164,0.0,0.0,1.0,0.0,0.0,0.0,0.0,0.0,0.0,0.0,0.0,0.0,0.0,0.0,1.0,0.0,0.0,0.0,0.0,0.0,-0.45370308603134424,0.565857175613868,0.557753720199263,0.570002316091239,0.3045891126044488
2023-10-13,0.34786890085169,0.0,0.0,0.0,1.0,0.0,0.0,0.0,0.0,0.0,0.0,0.0,0.0,0.0,0.0,1.0,0.0,0.0,0.0,0.0,0.0,-0.46896519100763184,0.41832749439581,0.41327730843174,1.44827276769725,0.3045891126044488
2023-10-14,0.410702809784631,0.0,0.0,0.0,0.0,1.0,0.0,0.0,0.0,0.0,0.0,0.0,0.0,0.0,0.0,1.0,0.0,0.0,0.0,0.0,0.0,-0.48408852163897587,0.92022064374248,0.407747172610137,0.557753720199263,0.3245341587480982
2023-10-15,0.376022478036924,0.0,0.0,0.0,0.0,0.0,1.0,0.0,0.0,0.0,0.0,0.0,0.0,0.0,0.0,1.0,0.0,0.0,0.0,0.0,0.0,-0.4990686026885319,0.66578795877882,0.35606373671765,0.41327730843174,0.3245341587480982
2023-10-16,0.661687066989329,0.0,0.0,0.0,0.0,0.0,0.0,0.0,0.0,0.0,0.0,0.0,0.0,0.0,0.0,1.0,0.0,0.0,0.0,0.0,0.0,-0.5139010013093103,0.618749048105164,0.565857175613868,0.407747172610137,0.3245341587480982
2023-10-17,1.04840357393859,1.0,0.0,0.0,0.0,0.0,0.0,0.0,0.0,0.0,0.0,0.0,0.0,0.0,0.0,1.0,0.0,0.0,0.0,0.0,0.0,-0.5285813283559292,0.34786890085169,0.41832749439581,0.35606373671765,0.34677861606737764
2023-10-18,0.604043697590384,0.0,1.0,0.0,0.0,0.0,0.0,0.0,0.0,0.0,0.0,0.0,0.0,0.0,0.0,1.0,0.0,0.0,0.0,0.0,0.0,-0.5431052396834317,0.410702809784631,0.92022064374248,0.565857175613868,0.3565399604362328
2023-10-19,0.634883716760607,0.0,0.0,1.0,0.0,0.0,0.0,0.0,0.0,0.0,0.0,0.0,0.0,0.0,0.0,1.0,0.0,0.0,0.0,0.0,0.0,-0.5574684374327892,0.376022478036924,0.66578795877882,0.41832749439581,0.3565399604362328
2023-10-20,0.396336701207407,0.0,0.0,0.0,1.0,0.0,0.0,0.0,0.0,0.0,0.0,0.0,0.0,0.0,0.0,1.0,0.0,0.0,0.0,0.0,0.0,-0.5716666713027052,0.661687066989329,0.618749048105164,0.92022064374248,0.3565399604362328
2023-10-21,0.69285493655181,0.0,0.0,0.0,0.0,1.0,0.0,0.0,0.0,0.0,0.0,0.0,0.0,0.0,0.0,1.0,0.0,0.0,0.0,0.0,0.0,-0.5856957398073508,1.04840357393859,0.34786890085169,0.66578795877882,0.3565399604362328
2023-10-22,0.856392209787346,0.0,0.0,0.0,0.0,0.0,1.0,0.0,0.0,0.0,0.0,0.0,0.0,0.0,0.0,1.0,0.0,0.0,0.0,0.0,0.0,-0.5995514915196489,0.604043697590384,0.410702809784631,0.618749048105164,0.3565399604362328
2023-10-23,1.34723794535623,0.0,0.0,0.0,0.0,0.0,0.0,0.0,0.0,0.0,0.0,0.0,0.0,0.0,0.0,1.0,0.0,0.0,0.0,0.0,0.0,-0.6132298262997502,0.634883716760607,0.376022478036924,0.34786890085169,0.352785802371266
2023-10-24,0.721201697295717,1.0,0.0,0.0,0.0,0.0,0.0,0.0,0.0,0.0,0.0,0.0,0.0,0.0,0.0,1.0,0.0,0.0,0.0,0.0,0.0,-0.6267266965083301,0.396336701207407,0.661687066989329,0.410702809784631,0.352785802371266
2023-10-25,0.544247340951537,0.0,1.0,0.0,0.0,0.0,0.0,0.0,0.0,0.0,0.0,0.0,0.0,0.0,0.0,1.0,0.0,0.0,0.0,0.0,0.0,-0.6400381082043503,0.69285493655181,1.04840357393859,0.376022478036924,0.352785802371266
2023-10-26,0.657296439439048,0.0,0.0,1.0,0.0,0.0,0.0,0.0,0.0,0.0,0.0,0.0,0.0,0.0,0.0,1.0,0.0,0.0,0.0,0.0,0.0,-0.65316012232693,0.856392209787346,0.604043697590384,0.661687066989329,0.3565399604362328
2023-10-27,0.419044386078026,0.0,0.0,0.0,1.0,0.0,0.0,0.0,0.0,0.0,0.0,0.0,0.0,0.0,0.0,1.0,0.0,0.0,0.0,0.0,0.0,-0.666088855860977,1.34723794535623,0.634883716760607,1.04840357393859,0.3565399604362328
2023-10-28,0.316254363376326,0.0,0.0,0.0,0.0,1.0,0.0,0.0,0.0,0.0,0.0,0.0,0.0,0.0,0.0,1.0,0.0,0.0,0.0,0.0,0.0,-0.6788204829862357,0.721201697295717,0.396336701207407,0.604043697590384,0.3565399604362328
2023-10-29,0.36433010315201,0.0,0.0,0.0,0.0,0.0,1.0,0.0,0.0,0.0,0.0,0.0,0.0,0.0,0.0,1.0,0.0,0.0,0.0,0.0,0.0,-0.6913512362094071,0.544247340951537,0.69285493655181,0.634883716760607,0.3565399604362328
2023-10-30,0.598162199086833,0.0,0.0,0.0,0.0,0.0,0.0,0.0,0.0,0.0,0.0,0.0,0.0,0.0,0.0,1.0,0.0,0.0,0.0,0.0,0.0,-0.7036774074790128,0.657296439439048,0.856392209787346,0.396336701207407,0.3573672346516952
2023-10-31,0.964278471720054,1.0,0.0,0.0,0.0,0.0,0.0,0.0,0.0,0.0,0.0,0.0,0.0,0.0,0.0,1.0,0.0,0.0,0.0,0.0,0.0,-0.7157953492826642,0.419044386078026,1.34723794535623,0.69285493655181,0.3573672346516952
2023-11-01,1.23583158707512,0.0,1.0,0.0,0.0,0.0,0.0,0.0,0.0,0.0,0.0,0.0,0.0,0.0,0.0,0.0,1.0,0.0,0.0,0.0,0.0,-0.7277014757264236,0.316254363376326,0.721201697295717,0.856392209787346,0.3608311691486456
2023-11-02,0.825586863611031,0.0,0.0,1.0,0.0,0.0,0.0,0.0,0.0,0.0,0.0,0.0,0.0,0.0,0.0,0.0,1.0,0.0,0.0,0.0,0.0,-0.7393922635959241,0.36433010315201,0.544247340951537,1.34723794535623,0.37100561481050803
2023-11-03,0.34119688479588,0.0,0.0,0.0,1.0,0.0,0.0,0.0,0.0,0.0,0.0,0.0,0.0,0.0,0.0,0.0,1.0,0.0,0.0,0.0,0.0,-0.7508642533989489,0.598162199086833,0.657296439439048,0.721201697295717,0.37100561481050803
2023-11-04,0.364861561625329,0.0,0.0,0.0,0.0,1.0,0.0,0.0,0.0,0.0,0.0,0.0,0.0,0.0,0.0,0.0,1.0,0.0,0.0,0.0,0.0,-0.7621140503891487,0.964278471720054,0.419044386078026,0.544247340951537,0.37100561481050803
2023-11-05,0.59688371879856,0.0,0.0,0.0,0.0,0.0,1.0,0.0,0.0,0.0,0.0,0.0,0.0,0.0,0.0,0.0,1.0,0.0,0.0,0.0,0.0,-0.7731383255706027,1.23583158707512,0.316254363376326,0.657296439439048,0.37100561481050803
2023-11-06,0.837121593493614,0.0,0.0,0.0,0.0,0.0,0.0,0.0,0.0,0.0,0.0,0.0,0.0,0.0,0.0,0.0,1.0,0.0,0.0,0.0,0.0,-0.7839338166829201,0.825586863611031,0.36433010315201,0.419044386078026,0.37100561481050803
2023-11-07,0.826021549333154,1.0,0.0,0.0,0.0,0.0,0.0,0.0,0.0,0.0,0.0,0.0,0.0,0.0,0.0,0.0,1.0,0.0,0.0,0.0,0.0,-0.7944973291665992,0.34119688479588,0.598162199086833,0.316254363376326,0.3608311691486456
2023-11-08,0.863158535467558,0.0,1.0,0.0,0.0,0.0,0.0,0.0,0.0,0.0,0.0,0.0,0.0,0.0,0.0,0.0,1.0,0.0,0.0,0.0,0.0,-0.8048257371083452,0.364861561625329,0.964278471720054,0.36433010315201,0.3608311691486456
2023-11-09,0.828879787761331,0.0,0.0,1.0,0.0,0.0,0.0,0.0,0.0,0.0,0.0,0.0,0.0,0.0,0.0,0.0,1.0,0.0,0.0,0.0,0.0,-0.8149159841660791,0.59688371879856,1.23583158707512,0.598162199086833,0.3608311691486456
2023-11-10,0.406934766336906,0.0,0.0,0.0,1.0,0.0,0.0,0.0,0.0,0.0,0.0,0.0,0.0,0.0,0.0,0.0,1.0,0.0,0.0,0.0,0.0,-0.8247650844733614,0.837121593493614,0.825586863611031,0.964278471720054,0.3608311691486456
2023-11-11,0.341080087902309,0.0,0.0,0.0,0.0,1.0,0.0,0.0,0.0,0.0,0.0,0.0,0.0,0.0,0.0,0.0,1.0,0.0,0.0,0.0,0.0,-0.8343701235229537,0.826021549333154,0.34119688479588,1.23583158707512,0.3608311691486456
2023-11-12,0.509012664628646,0.0,0.0,0.0,0.0,0.0,1.0,0.0,0.0,0.0,0.0,0.0,0.0,0.0,0.0,0.0,1.0,0.0,0.0,0.0,0.0,-0.8437282590292712,0.863158535467558,0.364861561625329,0.825586863611031,0.36399018987955956
2023-11-13,0.534403293221663,0.0,0.0,0.0,0.0,0.0,0.0,0.0,0.0,0.0,0.0,0.0,0.0,0.0,0.0,0.0,1.0,0.0,0.0,0.0,0.0,-0.8528367217694595,0.828879787761331,0.59688371879856,0.34119688479588,0.3608311691486456
2023-11-14,0.763813129604692,1.0,0.0,0.0,0.0,0.0,0.0,0.0,0.0,0.0,0.0,0.0,0.0,0.0,0.0,0.0,1.0,0.0,0.0,0.0,0.0,-0.8616928164028521,0.406934766336906,0.837121593493614,0.364861561625329,0.3608311691486456
2023-11-15,0.377484369910645,0.0,1.0,0.0,0.0,0.0,0.0,0.0,0.0,0.0,0.0,0.0,0.0,0.0,0.0,0.0,1.0,0.0,0.0,0.0,0.0,-0.8702939222685674,0.341080087902309,0.826021549333154,0.59688371879856,0.36399018987955956
2023-11-16,0.642839343023605,0.0,0.0,1.0,0.0,0.0,0.0,0.0,0.0,0.0,0.0,0.0,0.0,0.0,0.0,0.0,1.0,0.0,0.0,0.0,0.0,-0.8786374941610001,0.509012664628646,0.863158535467558,0.837121593493614,0.3646489782360014
2023-11-17,0.368979866685794,0.0,0.0,0.0,1.0,0.0,0.0,0.0,0.0,0.0,0.0,0.0,0.0,0.0,0.0,0.0,1.0,0.0,0.0,0.0,0.0,-0.886721063082993,0.534403293221663,0.828879787761331,0.826021549333154,0.3646489782360014
2023-11-18,0.556230352362369,0.0,0.0,0.0,0.0,1.0,0.0,0.0,0.0,0.0,0.0,0.0,0.0,0.0,0.0,0.0,1.0,0.0,0.0,0.0,0.0,-0.8945422369764496,0.763813129604692,0.406934766336906,0.863158535467558,0.371558111472286
2023-11-19,0.748167365078615,0.0,0.0,0.0,0.0,0.0,1.0,0.0,0.0,0.0,0.0,0.0,0.0,0.0,0.0,0.0,1.0,0.0,0.0,0.0,0.0,-0.9020987014301837,0.377484369910645,0.341080087902309,0.828879787761331,0.3882110119392138
2023-11-20,0.817018817072467,0.0,0.0,0.0,0.0,0.0,0.0,0.0,0.0,0.0,0.0,0.0,0.0,0.0,0.0,0.0,1.0,0.0,0.0,0.0,0.0,-0.9093882203647925,0.642839343023605,0.509012664628646,0.406934766336906,0.4026955402851064
2023-11-21,0.672425354638917,1.0,0.0,0.0,0.0,0.0,0.0,0.0,0.0,0.0,0.0,0.0,0.0,0.0,0.0,0.0,1.0,0.0,0.0,0.0,0.0,-0.9164086366943458,0.368979866685794,0.534403293221663,0.341080087902309,0.4026955402851064
2023-11-22,0.728886877741639,0.0,1.0,0.0,0.0,0.0,0.0,0.0,0.0,0.0,0.0,0.0,0.0,0.0,0.0,0.0,1.0,0.0,0.0,0.0,0.0,-0.9231578729647039,0.556230352362369,0.763813129604692,0.509012664628646,0.4074222101008446
2023-11-23,0.549828165763762,0.0,0.0,1.0,0.0,0.0,0.0,0.0,0.0,0.0,0.0,0.0,0.0,0.0,0.0,0.0,1.0,0.0,0.0,0.0,0.0,-0.9296339319682695,0.748167365078615,0.377484369910645,0.534403293221663,0.4074222101008446
2023-11-24,0.485158161260437,0.0,0.0,0.0,1.0,0.0,0.0,0.0,0.0,0.0,0.0,0.0,0.0,0.0,0.0,0.0,1.0,0.0,0.0,0.0,0.0,-0.9358348973349941,0.817018817072467,0.642839343023605,0.763813129604692,0.4074222101008446
2023-11-25,0.367529613007226,0.0,0.0,0.0,0.0,1.0,0.0,0.0,0.0,0.0,0.0,0.0,0.0,0.0,0.0,0.0,1.0,0.0,0.0,0.0,0.0,-0.9417589340994617,0.672425354638917,0.368979866685794,0.377484369910645,0.4026955402851064
2023-11-26,0.720856159657657,0.0,0.0,0.0,0.0,0.0,1.0,0.0,0.0,0.0,0.0,0.0,0.0,0.0,0.0,0.0,1.0,0.0,0.0,0.0,0.0,-0.9474042892438845,0.728886877741639,0.556230352362369,0.642839343023605,0.4026955402851064
2023-11-27,1.18846590285045,0.0,0.0,0.0,0.0,0.0,0.0,0.0,0.0,0.0,0.0,0.0,0.0,0.0,0.0,0.0,1.0,0.0,0.0,0.0,0.0,-0.9527692922168511,0.549828165763762,0.748167365078615,0.368979866685794,0.3887957686887022
2023-11-28,1.01834879236524,1.0,0.0,0.0,0.0,0.0,0.0,0.0,0.0,0.0,0.0,0.0,0.0,0.0,0.0,0.0,1.0,0.0,0.0,0.0,0.0,-0.9578523554276669,0.485158161260437,0.817018817072467,0.556230352362369,0.3887957686887022
2023-11-29,0.564544570168115,0.0,1.0,0.0,0.0,0.0,0.0,0.0,0.0,0.0,0.0,0.0,0.0,0.0,0.0,0.0,1.0,0.0,0.0,0.0,0.0,-0.9626519747161487,0.367529613007226,0.672425354638917,0.748167365078615,0.3887957686887022
2023-11-30,0.716489001833481,0.0,0.0,1.0,0.0,0.0,0.0,0.0,0.0,0.0,0.0,0.0,0.0,0.0,0.0,0.0,1.0,0.0,0.0,0.0,0.0,-0.9671667297977312,0.720856159657657,0.728886877741639,0.817018817072467,0.3887957686887022
2023-12-01,0.469938983525973,0.0,0.0,0.0,1.0,0.0,0.0,0.0,0.0,0.0,0.0,0.0,0.0,0.0,0.0,0.0,0.0,1.0,0.0,0.0,0.0,-0.97139528468375,1.18846590285045,0.549828165763762,0.672425354638917,0.3887957686887022
2023-12-02,0.493582761228487,0.0,0.0,0.0,0.0,1.0,0.0,0.0,0.0,0.0,0.0,0.0,0.0,0.0,0.0,0.0,0.0,1.0,0.0,0.0,0.0,-0.9753363880767837,1.01834879236524,0.485158161260437,0.728886877741639,0.3887957686887022
2023-12-03,0.371246270787137,0.0,0.0,0.0,0.0,0.0,1.0,0.0,0.0,0.0,0.0,0.0,0.0,0.0,0.0,0.0,0.0,1.0,0.0,0.0,0.0,-0.9789888737409319,0.564544570168115,0.367529613007226,0.549828165763762,0.3887957686887022
2023-12-04,0.748319847265442,0.0,0.0,0.0,0.0,0.0,0.0,0.0,0.0,0.0,0.0,0.0,0.0,0.0,0.0,0.0,0.0,1.0,0.0,0.0,0.0,-0.9823516608469237,0.716489001833481,0.720856159657657,0.485158161260437,0.3887957686887022
2023-12-05,1.66477800543529,1.0,0.0,0.0,0.0,0.0,0.0,0.0,0.0,0.0,0.0,0.0,0.0,0.0,0.0,0.0,0.0,1.0,0.0,0.0,0.0,-0.9854237542919524,0.469938983525973,1.18846590285045,0.367529613007226,0.3887957686887022
2023-12-06,1.03432311582073,0.0,1.0,0.0,0.0,0.0,0.0,0.0,0.0,0.0,0.0,0.0,0.0,0.0,0.0,0.0,0.0,1.0,0.0,0.0,0.0,-0.9882042449941422,0.493582761228487,1.01834879236524,0.720856159657657,0.3887957686887022
2023-12-07,0.787352331517519,0.0,0.0,1.0,0.0,0.0,0.0,0.0,0.0,0.0,0.0,0.0,0.0,0.0,0.0,0.0,0.0,1.0,0.0,0.0,0.0,-0.9906923101615609,0.371246270787137,0.564544570168115,1.18846590285045,0.3887957686887022
2023-12-08,0.842872929917289,0.0,0.0,0.0,1.0,0.0,0.0,0.0,0.0,0.0,0.0,0.0,0.0,0.0,0.0,0.0,0.0,1.0,0.0,0.0,0.0,-0.9928872135356962,0.748319847265442,0.716489001833481,1.01834879236524,0.3887957686887022
2023-12-09,0.736785604821072,0.0,0.0,0.0,0.0,1.0,0.0,0.0,0.0,0.0,0.0,0.0,0.0,0.0,0.0,0.0,0.0,1.0,0.0,0.0,0.0,-0.994788305609327,1.66477800543529,0.469938983525973,0.564544570168115,0.3887957686887022
2023-12-10,1.05445336310038,0.0,0.0,0.0,0.0,0.0,1.0,0.0,0.0,0.0,0.0,0.0,0.0,0.0,0.0,0.0,0.0,1.0,0.0,0.0,0.0,-0.9963950238187231,1.03432311582073,0.493582761228487,0.716489001833481,0.3887957686887022
2023-12-11,2.08993749049525,0.0,0.0,0.0,0.0,0.0,0.0,0.0,0.0,0.0,0.0,0.0,0.0,0.0,0.0,0.0,0.0,1.0,0.0,0.0,1.0,-0.9977068927101168,0.787352331517519,0.371246270787137,0.469938983525973,0.4026955402851064
2023-12-12,1.47571239909614,1.0,0.0,0.0,0.0,0.0,0.0,0.0,0.0,0.0,0.0,0.0,0.0,0.0,0.0,0.0,0.0,1.0,0.0,0.0,0.0,-0.9987235240803972,0.842872929917289,0.748319847265442,0.493582761228487,0.4026955402851064
2023-12-13,1.01669052027183,0.0,1.0,0.0,0.0,0.0,0.0,0.0,0.0,0.0,0.0,0.0,0.0,0.0,0.0,0.0,0.0,1.0,0.0,0.0,0.0,-0.9994446170919858,0.736785604821072,1.66477800543529,0.371246270787137,0.4026955402851064
2023-12-14,0.462084032309738,0.0,0.0,1.0,0.0,0.0,0.0,0.0,0.0,0.0,0.0,0.0,0.0,0.0,0.0,0.0,0.0,1.0,0.0,0.0,0.0,-0.9998699583618592,1.05445336310038,1.03432311582073,0.748319847265442,0.4026955402851064
2023-12-15,0.535018603362858,0.0,0.0,0.0,1.0,0.0,0.0,0.0,0.0,0.0,0.0,0.0,0.0,0.0,0.0,0.0,0.0,1.0,0.0,0.0,0.0,-0.9999994220246925,2.08993749049525,0.787352331517519,1.66477800543529,0.4026955402851064
2023-12-16,0.326400308106816,0.0,0.0,0.0,0.0,1.0,0.0,0.0,0.0,0.0,0.0,0.0,0.0,0.0,0.0,0.0,0.0,1.0,0.0,0.0,0.0,-0.999832969770105,1.47571239909614,0.842872929917289,1.03432311582073,0.4026955402851064
2023-12-17,0.537168125138731,0.0,0.0,0.0,0.0,0.0,1.0,0.0,0.0,0.0,0.0,0.0,0.0,0.0,0.0,0.0,0.0,1.0,0.0,0.0,0.0,-0.9993706508539969,1.01669052027183,0.736785604821072,0.787352331517519,0.4026955402851064
2023-12-18,0.974910588698362,0.0,0.0,0.0,0.0,0.0,0.0,0.0,0.0,0.0,0.0,0.0,0.0,0.0,0.0,0.0,0.0,1.0,0.0,0.0,0.0,-0.9986126020839734,0.462084032309738,1.05445336310038,0.842872929917289,0.41420053818157804
2023-12-19,0.804734334408252,1.0,0.0,0.0,0.0,0.0,0.0,0.0,0.0,0.0,0.0,0.0,0.0,0.0,0.0,0.0,0.0,1.0,0.0,0.0,0.0,-0.9975590477788613,0.535018603362858,2.08993749049525,0.736785604821072,0.41420053818157804
2023-12-20,0.927585238902713,0.0,1.0,0.0,0.0,0.0,0.0,0.0,0.0,0.0,0.0,0.0,0.0,0.0,0.0,0.0,0.0,1.0,0.0,0.0,0.0,-0.9962102997023297,0.326400308106816,1.47571239909614,1.05445336310038,0.41420053818157804
2023-12-21,0.505691505636171,0.0,0.0,1.0,0.0,0.0,0.0,0.0,0.0,0.0,0.0,0.0,0.0,0.0,0.0,0.0,0.0,1.0,0.0,0.0,0.0,-0.9945667569706337,0.537168125138731,1.01669052027183,2.08993749049525,0.41420053818157804
2023-12-22,0.504981638967118,0.0,0.0,0.0,1.0,0.0,0.0,0.0,0.0,0.0,0.0,0.0,0.0,0.0,0.0,0.0,0.0,1.0,0.0,0.0,0.0,-0.9926289059345095,0.974910588698362,0.462084032309738,1.47571239909614,0.41420053818157804
2023-12-23,0.290219693323954,0.0,0.0,0.0,0.0,1.0,0.0,0.0,0.0,0.0,0.0,0.0,0.0,0.0,0.0,0.0,0.0,1.0,0.0,0.0,0.0,-0.9903973200352558,0.804734334408252,0.535018603362858,1.01669052027183,0.41420053818157804
2023-12-24,0.2255883392295,0.0,0.0,0.0,0.0,0.0,1.0,0.0,0.0,0.0,0.0,0.0,0.0,0.0,0.0,0.0,0.0,1.0,0.0,0.0,0.0,-0.9878726596350429,0.927585238902713,0.326400308106816,0.462084032309738,0.41420053818157804
2023-12-25,0.237488704647863,0.0,0.0,0.0,0.0,0.0,0.0,0.0,0.0,0.0,0.0,0.0,0.0,0.0,0.0,0.0,0.0,1.0,1.0,0.0,0.0,-0.9850556718215013,0.505691505636171,0.537168125138731,0.535018603362858,0.44002432592060525
2023-12-26,0.31649754805564,1.0,0.0,0.0,0.0,0.0,0.0,0.0,0.0,0.0,0.0,0.0,0.0,0.0,0.0,0.0,0.0,1.0,1.0,0.0,0.0,-0.981947190186646,0.504981638967118,0.974910588698362,0.326400308106816,0.44002432592060525
2023-12-27,0.537638924352649,0.0,1.0,0.0,0.0,0.0,0.0,0.0,0.0,0.0,0.0,0.0,0.0,0.0,0.0,0.0,0.0,1.0,0.0,1.0,0.0,-0.9785481345802031,0.290219693323954,0.804734334408252,0.537168125138731,0.466797003039479
2023-12-28,0.91947163210448,0.0,0.0,1.0,0.0,0.0,0.0,0.0,0.0,0.0,0.0,0.0,0.0,0.0,0.0,0.0,0.0,1.0,0.0,0.0,0.0,-0.9748595108374125,0.2255883392295,0.927585238902713,0.974910588698362,0.466797003039479
2023-12-29,0.568513289041791,0.0,0.0,0.0,1.0,0.0,0.0,0.0,0.0,0.0,0.0,0.0,0.0,0.0,0.0,0.0,0.0,1.0,0.0,0.0,0.0,-0.9708824104813836,0.237488704647863,0.505691505636171,0.804734334408252,0.466797003039479
2023-12-30,0.366307109286888,0.0,0.0,0.0,0.0,1.0,0.0,0.0,0.0,0.0,0.0,0.0,0.0,0.0,0.0,0.0,0.0,1.0,0.0,0.0,0.0,-0.9666180104000972,0.31649754805564,0.504981638967118,0.927585238902713,0.466797003039479
2023-12-31,0.857810093056456,0.0,0.0,0.0,0.0,0.0,1.0,0.0,0.0,0.0,0.0,0.0,0.0,0.0,0.0,0.0,0.0,1.0,0.0,0.0,0.0,-0.9620675724981452,0.537638924352649,0.290219693323954,0.505691505636171,0.466797003039479
2024-01-01,1.09159870702997,0.0,0.0,0.0,0.0,0.0,0.0,0.0,0.0,0.0,0.0,0.0,0.0,0.0,0.0,0.0,0.0,0.0,1.0,0.0,0.0,-0.957232443323312,0.91947163210448,0.2255883392295,0.504981638967118,0.47907049016665143
2024-01-02,1.20084204721709,1.0,0.0,0.0,0.0,0.0,0.0,0.0,0.0,0.0,0.0,0.0,0.0,0.0,0.0,0.0,0.0,0.0,0.0,1.0,0.0,-0.9521140536681102,0.568513289041791,0.237488704647863,0.290219693323954,0.47907049016665143
2024-01-03,1.22153173012273,0.0,1.0,0.0,0.0,0.0,0.0,0.0,0.0,0.0,0.0,0.0,0.0,0.0,0.0,0.0,0.0,0.0,0.0,0.0,0.0,-0.9467139181463862,0.366307109286888,0.31649754805564,0.2255883392295,0.466797003039479
2024-01-04,0.88668784044847,0.0,0.0,1.0,0.0,0.0,0.0,0.0,0.0,0.0,0.0,0.0,0.0,0.0,0.0,0.0,0.0,0.0,0.0,0.0,0.0,-0.9410336347451197,0.857810093056456,0.537638924352649,0.237488704647863,0.44002432592060525
2024-01-05,0.763871040839819,0.0,0.0,0.0,1.0,0.0,0.0,0.0,0.0,0.0,0.0,0.0,0.0,0.0,0.0,0.0,0.0,0.0,0.0,0.0,0.0,-0.9350748843515574,1.09159870702997,0.91947163210448,0.31649754805564,0.39515460776640166
2024-01-06,0.456261619877566,0.0,0.0,0.0,0.0,1.0,0.0,0.0,0.0,0.0,0.0,0.0,0.0,0.0,0.0,0.0,0.0,0.0,0.0,0.0,0.0,-0.9288394302558068,1.20084204721709,0.568513289041791,0.537638924352649,0.39515460776640166
2024-01-07,0.76352727224354,0.0,0.0,0.0,0.0,0.0,1.0,0.0,0.0,0.0,0.0,0.0,0.0,0.0,0.0,0.0,0.0,0.0,0.0,0.0,0.0,-0.9223291176290545,1.22153173012273,0.366307109286888,0.91947163210448,0.39515460776640166
2024-01-08,0.607184690589606,0.0,0.0,0.0,0.0,0.0,0.0,0.0,0.0,0.0,0.0,0.0,0.0,0.0,0.0,0.0,0.0,0.0,0.0,0.0,0.0,-0.9155458729775467,0.88668784044847,0.857810093056456,0.568513289041791,0.4282441673501009
2024-01-09,0.511665647926989,1.0,0.0,0.0,0.0,0.0,0.0,0.0,0.0,0.0,0.0,0.0,0.0,0.0,0.0,0.0,0.0,0.0,0.0,0.0,0.0,-0.9084917035725082,0.763871040839819,1.09159870702997,0.366307109286888,0.4282441673501009
2024-01-10,0.572108863332405,0.0,1.0,0.0,0.0,0.0,0.0,0.0,0.0,0.0,0.0,0.0,0.0,0.0,0.0,0.0,0.0,0.0,0.0,0.0,0.0,-0.9011686968561569,0.456261619877566,1.20084204721709,0.857810093056456,0.4282441673501009
2024-01-11,0.636408991067996,0.0,0.0,1.0,0.0,0.0,0.0,0.0,0.0,0.0,0.0,0.0,0.0,0.0,0.0,0.0,0.0,0.0,0.0,0.0,0.0,-0.8935790198239952,0.76352727224354,1.22153173012273,1.09159870702997,0.4282441673501009
2024-01-12,0.341602763778751,0.0,0.0,0.0,1.0,0.0,0.0,0.0,0.0,0.0,0.0,0.0,0.0,0.0,0.0,0.0,0.0,0.0,0.0,0.0,0.0,-0.8857249183835637,0.607184690589606,0.88668784044847,1.20084204721709,0.4282441673501009
2024-01-13,0.497640282049858,0.0,0.0,0.0,0.0,1.0,0.0,0.0,0.0,0.0,0.0,0.0,0.0,0.0,0.0,0.0,0.0,0.0,0.0,0.0,0.0,-0.8776087166898392,0.511665647926989,0.763871040839819,1.22153173012273,0.466797003039479
2024-01-14,0.407948105057558,0.0,0.0,0.0,0.0,0.0,1.0,0.0,0.0,0.0,0.0,0.0,0.0,0.0,0.0,0.0,0.0,0.0,0.0,0.0,0.0,-0.8692328164574792,0.572108863332405,0.456261619877566,0.88668784044847,0.466797003039479
2024-01-15,0.659702813249603,0.0,0.0,0.0,0.0,0.0,0.0,0.0,0.0,0.0,0.0,0.0,0.0,0.0,0.0,0.0,0.0,0.0,0.0,0.0,0.0,-0.8605996962501181,0.636408991067996,0.76352727224354,0.763871040839819,0.47907049016665143
2024-01-16,0.727978844917117,1.0,0.0,0.0,0.0,0.0,0.0,0.0,0.0,0.0,0.0,0.0,0.0,0.0,0.0,0.0,0.0,0.0,0.0,0.0,0.0,-0.8517119107469189,0.341602763778751,0.607184690589606,0.456261619877566,0.466797003039479
2024-01-17,0.633645272455228,0.0,1.0,0.0,0.0,0.0,0.0,0.0,0.0,0.0,0.0,0.0,0.0,0.0,0.0,0.0,0.0,0.0,0.0,0.0,0.0,-0.8425720899866032,0.497640282049858,0.511665647926989,0.76352727224354,0.466797003039479
2024-01-18,0.81629383334114,0.0,0.0,1.0,0.0,0.0,0.0,0.0,0.0,0.0,0.0,0.0,0.0,0.0,0.0,0.0,0.0,0.0,0.0,0.0,0.0,-0.8331829385891785,0.407948105057558,0.572108863332405,0.607184690589606,0.466797003039479
2024-01-19,0.796223058536718,0.0,0.0,0.0,1.0,0.0,0.0,0.0,0.0,0.0,0.0,0.0,0.0,0.0,0.0,0.0,0.0,0.0,0.0,0.0,0.0,-0.8235472349556007,0.659702813249603,0.636408991067996,0.511665647926989,0.466797003039479
2024-01-20,0.564303619222506,0.0,0.0,0.0,0.0,1.0,0.0,0.0,0.0,0.0,0.0,0.0,0.0,0.0,0.0,0.0,0.0,0.0,0.0,0.0,0.0,-0.8136678304455991,0.727978844917117,0.341602763778751,0.572108863332405,0.466797003039479
2024-01-21,0.865333222986733,0.0,0.0,0.0,0.0,0.0,1.0,0.0,0.0,0.0,0.0,0.0,0.0,0.0,0.0,0.0,0.0,0.0,0.0,0.0,0.0,-0.8035476485339116,0.633645272455228,0.497640282049858,0.636408991067996,0.466797003039479
2024-01-22,1.41402598045071,0.0,0.0,0.0,0.0,0.0,0.0,0.0,0.0,0.0,0.0,0.0,0.0,0.0,0.0,0.0,0.0,0.0,0.0,0.0,0.0,-0.7931896839451843,0.81629383334114,0.407948105057558,0.341602763778751,0.4597550673368692
2024-01-23,1.29122262818755,1.0,0.0,0.0,0.0,0.0,0.0,0.0,0.0,0.0,0.0,0.0,0.0,0.0,0.0,0.0,0.0,0.0,0.0,0.0,0.0,-0.7825970017677834,0.796223058536718,0.659702813249603,0.497640282049858,0.466797003039479
2024-01-24,1.16014514080811,0.0,1.0,0.0,0.0,0.0,0.0,0.0,0.0,0.0,0.0,0.0,0.0,0.0,0.0,0.0,0.0,0.0,0.0,0.0,0.0,-0.7717727365467837,0.564303619222506,0.727978844917117,0.407948105057558,0.4597550673368692
2024-01-25,0.793581046333605,0.0,0.0,1.0,0.0,0.0,0.0,0.0,0.0,0.0,0.0,0.0,0.0,0.0,0.0,0.0,0.0,0.0,0.0,0.0,0.0,-0.7607200913564104,0.865333222986733,0.633645272455228,0.659702813249603,0.4597550673368692
2024-01-26,0.784193626880022,0.0,0.0,0.0,1.0,0.0,0.0,0.0,0.0,0.0,0.0,0.0,0.0,0.0,0.0,0.0,0.0,0.0,0.0,0.0,0.0,-0.7494423368521953,1.41402598045071,0.81629383334114,0.727978844917117,0.4597550673368692
2024-01-27,0.67198955979876,0.0,0.0,0.0,0.0,1.0,0.0,0.0,0.0,0.0,0.0,0.0,0.0,0.0,0.0,0.0,0.0,0.0,0.0,0.0,0.0,-0.7379428103031386,1.29122262818755,0.796223058536718,0.633645272455228,0.4597550673368692
2024-01-28,0.956231175378122,0.0,0.0,0.0,0.0,0.0,1.0,0.0,0.0,0.0,0.0,0.0,0.0,0.0,0.0,0.0,0.0,0.0,0.0,0.0,0.0,-0.7262249146041543,1.16014514080811,0.564303619222506,0.81629383334114,0.4597550673368692
2024-01-29,1.60214833050152,0.0,0.0,0.0,0.0,0.0,0.0,0.0,0.0,0.0,0.0,0.0,0.0,0.0,0.0,0.0,0.0,0.0,0.0,0.0,0.0,-0.7142921172691032,0.793581046333605,0.865333222986733,0.796223058536718,0.4597550673368692
2024-01-30,1.00210558237445,1.0,0.0,0.0,0.0,0.0,0.0,0.0,0.0,0.0,0.0,0.0,0.0,0.0,0.0,0.0,0.0,0.0,0.0,0.0,0.0,-0.7021479494046978,0.784193626880022,1.41402598045071,0.564303619222506,0.4597550673368692
2024-01-31,0.553837753172591,0.0,1.0,0.0,0.0,0.0,0.0,0.0,0.0,0.0,0.0,0.0,0.0,0.0,0.0,0.0,0.0,0.0,0.0,0.0,0.0,-0.6897960046655887,0.67198955979876,1.29122262818755,0.865333222986733,0.48341778215381004
2024-02-01,0.449929637888337,0.0,0.0,1.0,0.0,0.0,0.0,1.0,0.0,0.0,0.0,0.0,0.0,0.0,0.0,0.0,0.0,0.0,0.0,0.0,0.0,-0.6772399381909491,0.956231175378122,1.16014514080811,1.41402598045071,0.48341778215381004
2024-02-02,0.501710738900334,0.0,0.0,0.0,1.0,0.0,0.0,1.0,0.0,0.0,0.0,0.0,0.0,0.0,0.0,0.0,0.0,0.0,0.0,0.0,0.0,-0.6644834655228552,1.60214833050152,0.793581046333605,1.29122262818755,0.48341778215381004
2024-02-03,0.46201772027372,0.0,0.0,0.0,0.0,1.0,0.0,1.0,0.0,0.0,0.0,0.0,0.0,0.0,0.0,0.0,0.0,0.0,0.0,0.0,0.0,-0.6515303615068021,1.00210558237445,0.784193626880022,1.16014514080811,0.48341778215381004
2024-02-04,0.470008852959874,0.0,0.0,0.0,0.0,0.0,1.0,1.0,0.0,0.0,0.0,0.0,0.0,0.0,0.0,0.0,0.0,0.0,0.0,0.0,0.0,-0.6383844591746642,0.553837753172591,0.67198955979876,0.793581046333605,0.48341778215381004
2024-02-05,0.640499510544551,0.0,0.0,0.0,0.0,0.0,0.0,1.0,0.0,0.0,0.0,0.0,0.0,0.0,0.0,0.0,0.0,0.0,0.0,0.0,0.0,-0.6250496486104377,0.449929637888337,0.956231175378122,0.784193626880022,0.48341778215381004
2024-02-06,0.85260254044401,1.0,0.0,0.0,0.0,0.0,0.0,1.0,0.0,0.0,0.0,0.0,0.0,0.0,0.0,0.0,0.0,0.0,0.0,0.0,0.0,-0.6115298757991053,0.501710738900334,1.60214833050152,0.67198955979876,0.48341778215381004
2024-02-07,0.599830757773701,0.0,1.0,0.0,0.0,0.0,0.0,1.0,0.0,0.0,0.0,0.0,0.0,0.0,0.0,0.0,0.0,0.0,0.0,0.0,0.0,-0.5978291414589552,0.46201772027372,1.00210558237445,0.956231175378122,0.48341778215381004
2024-02-08,0.848654727998593,0.0,0.0,1.0,0.0,0.0,0.0,1.0,0.0,0.0,0.0,0.0,0.0,0.0,0.0,0.0,0.0,0.0,0.0,0.0,0.0,-0.5839514998576998,0.470008852959874,0.553837753172591,1.60214833050152,0.48341778215381004
2024-02-09,0.676750797499176,0.0,0.0,0.0,1.0,0.0,0.0,1.0,0.0,0.0,0.0,0.0,0.0,0.0,0.0,0.0,0.0,0.0,0.0,0.0,0.0,-0.5699010576127624,0.640499510544551,0.449929637888337,1.00210558237445,0.48341778215381004
2024-02-10,1.05609072391597,0.0,0.0,0.0,0.0,1.0,0.0,1.0,0.0,0.0,0.0,0.0,0.0,0.0,0.0,0.0,0.0,0.0,0.0,0.0,0.0,-0.5556819724760489,0.85260254044401,0.501710738900334,0.553837753172591,0.48341778215381004
2024-02-11,1.02121538246701,0.0,0.0,0.0,0.0,0.0,1.0,1.0,0.0,0.0,0.0,0.0,0.0,0.0,0.0,0.0,0.0,0.0,0.0,0.0,0.0,-0.5412984521036173,0.599830757773701,0.46201772027372,0.449929637888337,0.48108881718094126
2024-02-12,1.15186379202205,0.0,0.0,0.0,0.0,0.0,0.0,1.0,0.0,0.0,0.0,0.0,0.0,0.0,0.0,0.0,0.0,0.0,0.0,0.0,0.0,-0.5267547528105542,0.848654727998593,0.470008852959874,0.501710738900334,0.48108881718094126
2024-02-13,1.16191847995231,1.0,0.0,0.0,0.0,0.0,0.0,1.0,0.0,0.0,0.0,0.0,0.0,0.0,0.0,0.0,0.0,0.0,0.0,0.0,0.0,-0.5120551783114646,0.676750797499176,0.640499510544551,0.46201772027372,0.48339125733940286
2024-02-14,0.736186215465304,0.0,1.0,0.0,0.0,0.0,0.0,1.0,0.0,0.0,0.0,0.0,0.0,0.0,0.0,0.0,0.0,0.0,0.0,0.0,0.0,-0.4972040784469378,1.05609072391597,0.85260254044401,0.470008852959874,0.4668123998854124
2024-02-15,0.768206538042884,0.0,0.0,1.0,0.0,0.0,0.0,1.0,0.0,0.0,0.0,0.0,0.0,0.0,0.0,0.0,0.0,0.0,0.0,0.0,0.0,-0.4822058478963526,1.02121538246701,0.599830757773701,0.640499510544551,0.4668123998854124
2024-02-16,0.597344527455203,0.0,0.0,0.0,1.0,0.0,0.0,1.0,0.0,0.0,0.0,0.0,0.0,0.0,0.0,0.0,0.0,0.0,0.0,0.0,0.0,-0.46706492487743034,1.15186379202205,0.848654727998593,0.85260254044401,0.4668123998854124
2024-02-17,0.324898482770669,0.0,0.0,0.0,0.0,1.0,0.0,1.0,0.0,0.0,0.0,0.0,0.0,0.0,0.0,0.0,0.0,0.0,0.0,0.0,0.0,-0.451785789832884,1.16191847995231,0.676750797499176,0.599830757773701,0.4668123998854124
2024-02-18,0.826389890743979,0.0,0.0,0.0,0.0,0.0,1.0,1.0,0.0,0.0,0.0,0.0,0.0,0.0,0.0,0.0,0.0,0.0,0.0,0.0,0.0,-0.4363729641045924,0.736186215465304,1.05609072391597,0.848654727998593,0.4668123998854124
2024-02-19,1.14999137893467,0.0,0.0,0.0,0.0,0.0,0.0,1.0,0.0,0.0,0.0,0.0,0.0,0.0,0.0,0.0,0.0,0.0,0.0,0.0,0.0,-0.42083100859565564,0.768206538042884,1.02121538246701,0.676750797499176,0.4668123998854124
2024-02-20,1.37998596014881,1.0,0.0,0.0,0.0,0.0,0.0,1.0,0.0,0.0,0.0,0.0,0.0,0.0,0.0,0.0,0.0,0.0,0.0,0.0,0.0,-0.4051645224207563,0.597344527455203,1.15186379202205,1.05609072391597,0.48658771041386445
2024-02-21,0.809357319228898,0.0,1.0,0.0,0.0,0.0,0.0,1.0,0.0,0.0,0.0,0.0,0.0,0.0,0.0,0.0,0.0,0.0,0.0,0.0,0.0,-0.3893781415452015,0.324898482770669,1.16191847995231,1.02121538246701,0.5000825561601436
2024-02-22,0.590110324387898,0.0,0.0,1.0,0.0,0.0,0.0,1.0,0.0,0.0,0.0,0.0,0.0,0.0,0.0,0.0,0.0,0.0,0.0,0.0,0.0,-0.37347653741307074,0.826389890743979,0.736186215465304,1.15186379202205,0.507683684316327
2024-02-23,0.667779742181391,0.0,0.0,0.0,1.0,0.0,0.0,1.0,0.0,0.0,0.0,0.0,0.0,0.0,0.0,0.0,0.0,0.0,0.0,0.0,0.0,-0.3574644155648614,1.14999137893467,0.768206538042884,1.16191847995231,0.5272496137823851
2024-02-24,0.430871938801733,0.0,0.0,0.0,0.0,1.0,0.0,1.0,0.0,0.0,0.0,0.0,0.0,0.0,0.0,0.0,0.0,0.0,0.0,0.0,0.0,-0.34134651424503615,1.37998596014881,0.597344527455203,0.736186215465304,0.5369689110743503
2024-02-25,0.364440620188678,0.0,0.0,0.0,0.0,0.0,1.0,1.0,0.0,0.0,0.0,0.0,0.0,0.0,0.0,0.0,0.0,0.0,0.0,0.0,0.0,-0.3251276029999093,0.809357319228898,0.324898482770669,0.768206538042884,0.5369689110743503
2024-02-26,0.452452811789134,0.0,0.0,0.0,0.0,0.0,0.0,1.0,0.0,0.0,0.0,0.0,0.0,0.0,0.0,0.0,0.0,0.0,0.0,0.0,0.0,-0.30881248126625377,0.590110324387898,0.826389890743979,0.597344527455203,0.5369689110743503
2024-02-27,0.933171714886242,1.0,0.0,0.0,0.0,0.0,0.0,1.0,0.0,0.0,0.0,0.0,0.0,0.0,0.0,0.0,0.0,0.0,0.0,0.0,0.0,-0.29240597695107734,0.667779742181391,1.14999137893467,0.324898482770669,0.5369689110743503
2024-02-28,0.532036766827448,0.0,1.0,0.0,0.0,0.0,0.0,1.0,0.0,0.0,0.0,0.0,0.0,0.0,0.0,0.0,0.0,0.0,0.0,0.0,0.0,-0.27591294500296043,0.430871938801733,1.37998596014881,0.826389890743979,0.5369689110743503
2024-02-29,0.673221065478885,0.0,0.0,1.0,0.0,0.0,0.0,1.0,0.0,0.0,0.0,0.0,0.0,0.0,0.0,0.0,0.0,0.0,0.0,0.0,0.0,-0.2593382659754056,0.364440620188678,0.809357319228898,1.14999137893467,0.5369689110743503
2024-03-01,0.702338587556742,0.0,0.0,0.0,1.0,0.0,0.0,0.0,1.0,0.0,0.0,0.0,0.0,0.0,0.0,0.0,0.0,0.0,0.0,0.0,0.0,-0.2426868445825954,0.452452811789134,0.590110324387898,1.37998596014881,0.5369689110743503
2024-03-02,0.359133764461041,0.0,0.0,0.0,0.0,1.0,0.0,0.0,1.0,0.0,0.0,0.0,0.0,0.0,0.0,0.0,0.0,0.0,0.0,0.0,0.0,-0.22596360824801906,0.933171714886242,0.667779742181391,0.809357319228898,0.5369689110743503
2024-03-03,0.607894392476378,0.0,0.0,0.0,0.0,0.0,1.0,0.0,1.0,0.0,0.0,0.0,0.0,0.0,0.0,0.0,0.0,0.0,0.0,0.0,0.0,-0.20917350564635637,0.532036766827448,0.430871938801733,0.590110324387898,0.5369689110743503
2024-03-04,0.877332292633978,0.0,0.0,0.0,0.0,0.0,0.0,0.0,1.0,0.0,0.0,0.0,0.0,0.0,0.0,0.0,0.0,0.0,0.0,0.0,0.0,-0.19232150523909483,0.673221065478885,0.364440620188678,0.667779742181391,0.5369689110743503
2024-03-05,0.719111242256205,1.0,0.0,0.0,0.0,0.0,0.0,0.0,1.0,0.0,0.0,0.0,0.0,0.0,0.0,0.0,0.0,0.0,0.0,0.0,0.0,-0.17541259380427843,0.702338587556742,0.452452811789134,0.430871938801733,0.5369689110743503
2024-03-06,0.687686266226976,0.0,1.0,0.0,0.0,0.0,0.0,0.0,1.0,0.0,0.0,0.0,0.0,0.0,0.0,0.0,0.0,0.0,0.0,0.0,0.0,-0.15845177496083632,0.359133764461041,0.933171714886242,0.364440620188678,0.507683684316327
2024-03-07,0.613610039126856,0.0,0.0,1.0,0.0,0.0,0.0,0.0,1.0,0.0,0.0,0.0,0.0,0.0,0.0,0.0,0.0,0.0,0.0,0.0,0.0,-0.14144406768794202,0.607894392476378,0.532036766827448,0.452452811789134,0.5000825561601436
2024-03-08,0.715709446712192,0.0,0.0,0.0,1.0,0.0,0.0,0.0,1.0,0.0,0.0,0.0,0.0,0.0,0.0,0.0,0.0,0.0,0.0,0.0,0.0,-0.12439450483979998,0.877332292633978,0.673221065478885,0.933171714886242,0.5000825561601436
2024-03-09,0.317819682261323,0.0,0.0,0.0,0.0,1.0,0.0,0.0,1.0,0.0,0.0,0.0,0.0,0.0,0.0,0.0,0.0,0.0,0.0,0.0,0.0,-0.10730813165636247,0.719111242256205,0.702338587556742,0.532036766827448,0.5000825561601436
2024-03-10,0.48016559778867,0.0,0.0,0.0,0.0,0.0,1.0,0.0,1.0,0.0,0.0,0.0,0.0,0.0,0.0,0.0,0.0,0.0,0.0,0.0,0.0,-0.09019000427034513,0.687686266226976,0.359133764461041,0.673221065478885,0.5000825561601436
2024-03-11,1.01426829069801,0.0,0.0,0.0,0.0,0.0,0.0,0.0,1.0,0.0,0.0,0.0,0.0,0.0,0.0,0.0,0.0,0.0,0.0,0.0,0.0,-0.07304518821104743,0.613610039126856,0.607894392476378,0.702338587556742,0.5199063556566025
2024-03-12,0.736765431974096,1.0,0.0,0.0,0.0,0.0,0.0,0.0,1.0,0.0,0.0,0.0,0.0,0.0,0.0,0.0,0.0,0.0,0.0,0.0,0.0,-0.05587875690537313,0.715709446712192,0.877332292633978,0.359133764461041,0.5199063556566025
2024-03-13,0.946477196781722,0.0,1.0,0.0,0.0,0.0,0.0,0.0,1.0,0.0,0.0,0.0,0.0,0.0,0.0,0.0,0.0,0.0,0.0,0.0,0.0,-0.03869579017652689,0.317819682261323,0.719111242256205,0.607894392476378,0.5451173586345338
2024-03-14,1.08834521538639,0.0,0.0,1.0,0.0,0.0,0.0,0.0,1.0,0.0,0.0,0.0,0.0,0.0,0.0,0.0,0.0,0.0,0.0,0.0,1.0,-0.021501372740813793,0.48016559778867,0.687686266226976,0.877332292633978,0.5451173586345338
2024-03-15,0.668422083212735,0.0,0.0,0.0,1.0,0.0,0.0,0.0,1.0,0.0,0.0,0.0,0.0,0.0,0.0,0.0,0.0,0.0,0.0,0.0,0.0,-0.004300592702981974,1.01426829069801,0.613610039126856,0.719111242256205,0.5451173586345338
2024-03-16,0.385082272431504,0.0,0.0,0.0,0.0,1.0,0.0,0.0,1.0,0.0,0.0,0.0,0.0,0.0,0.0,0.0,0.0,0.0,0.0,0.0,0.0,0.012901459949419653,0.736765431974096,0.715709446712192,0.687686266226976,0.5451173586345338
2024-03-17,0.430680806150878,0.0,0.0,0.0,0.0,0.0,1.0,0.0,1.0,0.0,0.0,0.0,0.0,0.0,0.0,0.0,0.0,0.0,0.0,0.0,0.0,0.0300996948522586,0.946477196781722,0.317819682261323,0.613610039126856,0.5451173586345338
2024-03-18,0.649782505977567,0.0,0.0,0.0,0.0,0.0,0.0,0.0,1.0,0.0,0.0,0.0,0.0,0.0,0.0,0.0,0.0,0.0,0.0,0.0,0.0,0.04728902277113235,1.08834521538639,0.48016559778867,0.715709446712192,0.5451173586345338
2024-03-19,0.551221233771513,1.0,0.0,0.0,0.0,0.0,0.0,0.0,1.0,0.0,0.0,0.0,0.0,0.0,0.0,0.0,0.0,0.0,0.0,0.0,0.0,0.0644643571073618,0.668422083212735,1.01426829069801,0.317819682261323,0.5199063556566025
2024-03-20,0.458931724722538,0.0,1.0,0.0,0.0,0.0,0.0,0.0,1.0,0.0,0.0,0.0,0.0,0.0,0.0,0.0,0.0,0.0,0.0,0.0,0.0,0.08162061540319052,0.385082272431504,0.736765431974096,0.48016559778867,0.49309268245566845
2024-03-21,0.558933417192158,0.0,0.0,1.0,0.0,0.0,0.0,0.0,1.0,0.0,0.0,0.0,0.0,0.0,0.0,0.0,0.0,0.0,0.0,0.0,0.0,0.09875272084577376,0.430680806150878,0.946477196781722,1.01426829069801,0.49309268245566845
2024-03-22,0.568944229472991,0.0,0.0,0.0,1.0,0.0,0.0,0.0,1.0,0.0,0.0,0.0,0.0,0.0,0.0,0.0,0.0,0.0,0.0,0.0,0.0,0.11585560376947848,0.649782505977567,1.08834521538639,0.736765431974096,0.49309268245566845
2024-03-23,0.451134919864415,0.0,0.0,0.0,0.0,1.0,0.0,0.0,1.0,0.0,0.0,0.0,0.0,0.0,0.0,0.0,0.0,0.0,0.0,0.0,0.0,0.13292420315609124,0.551221233771513,0.668422083212735,0.946477196781722,0.49309268245566845
2024-03-24,0.584008604826207,0.0,0.0,0.0,0.0,0.0,1.0,0.0,1.0,0.0,0.0,0.0,0.0,0.0,0.0,0.0,0.0,0.0,0.0,0.0,0.0,0.14995346813244534,0.458931724722538,0.385082272431504,1.08834521538639,0.49309268245566845
2024-03-25,0.384682342786732,0.0,0.0,0.0,0.0,0.0,0.0,0.0,1.0,0.0,0.0,0.0,0.0,0.0,0.0,0.0,0.0,0.0,0.0,0.0,0.0,0.16693835946505886,0.558933417192158,0.430680806150878,0.668422083212735,0.49309268245566845
2024-03-26,0.822795913410698,1.0,0.0,0.0,0.0,0.0,0.0,0.0,1.0,0.0,0.0,0.0,0.0,0.0,0.0,0.0,0.0,0.0,0.0,0.0,0.0,0.18387385105132759,0.568944229472991,0.649782505977567,0.385082272431504,0.4761028998571516
2024-03-27,0.551403818548848,0.0,1.0,0.0,0.0,0.0,0.0,0.0,1.0,0.0,0.0,0.0,0.0,0.0,0.0,0.0,0.0,0.0,0.0,0.0,0.0,0.20075493140682357,0.451134919864415,0.551221233771513,0.430680806150878,0.4668123998854124
2024-03-28,0.54210787427042,0.0,0.0,1.0,0.0,0.0,0.0,0.0,1.0,0.0,0.0,0.0,0.0,0.0,0.0,0.0,0.0,0.0,0.0,0.0,0.0,0.21757660514828173,0.584008604826207,0.458931724722538,0.649782505977567,0.4668123998854124
2024-03-29,0.334806713934573,0.0,0.0,0.0,1.0,0.0,0.0,0.0,1.0,0.0,0.0,0.0,0.0,0.0,0.0,0.0,0.0,0.0,1.0,0.0,0.0,0.2343338944718038,0.384682342786732,0.558933417192158,0.551221233771513,0.4668123998854124
2024-03-30,0.310874352459622,0.0,0.0,0.0,0.0,1.0,0.0,0.0,1.0,0.0,0.0,0.0,0.0,0.0,0.0,0.0,0.0,0.0,0.0,1.0,0.0,0.2510218406258827,0.822795913410698,0.568944229472991,0.458931724722538,0.46078332205324724
2024-03-31,0.282370907839733,0.0,0.0,0.0,0.0,0.0,1.0,0.0,1.0,0.0,0.0,0.0,0.0,0.0,0.0,0.0,0.0,0.0,0.0,0.0,0.0,0.26763550537876646,0.551403818548848,0.451134919864415,0.558933417192158,0.4668123998854124
2024-04-01,0.384224683727399,0.0,0.0,0.0,0.0,0.0,0.0,0.0,0.0,1.0,0.0,0.0,0.0,0.0,0.0,0.0,0.0,0.0,1.0,0.0,0.0,0.2841699724797683,0.54210787427042,0.584008604826207,0.568944229472991,0.4668123998854124
2024-04-02,1.15472062164142,1.0,0.0,0.0,0.0,0.0,0.0,0.0,0.0,1.0,0.0,0.0,0.0,0.0,0.0,0.0,0.0,0.0,0.0,1.0,0.0,0.3006203491140572,0.334806713934573,0.384682342786732,0.451134919864415,0.4655780016649396
2024-04-03,1.13720404907026,0.0,1.0,0.0,0.0,0.0,0.0,0.0,0.0,1.0,0.0,0.0,0.0,0.0,0.0,0.0,0.0,0.0,0.0,0.0,0.0,0.31698176735052785,0.310874352459622,0.822795913410698,0.584008604826207,0.4716720485622172
2024-04-04,0.906248167968102,0.0,0.0,1.0,0.0,0.0,0.0,0.0,0.0,1.0,0.0,0.0,0.0,0.0,0.0,0.0,0.0,0.0,0.0,0.0,0.0,0.333249385582294,0.282370907839733,0.551403818548848,0.384682342786732,0.4563401595491764
2024-04-05,1.42182355452547,0.0,0.0,0.0,1.0,0.0,0.0,0.0,0.0,1.0,0.0,0.0,0.0,0.0,0.0,0.0,0.0,0.0,0.0,0.0,1.0,0.34941838995939767,0.384224683727399,0.54210787427042,0.822795913410698,0.4563401595491764
2024-04-06,0.702764149034042,0.0,0.0,0.0,0.0,1.0,0.0,0.0,0.0,1.0,0.0,0.0,0.0,0.0,0.0,0.0,0.0,0.0,0.0,0.0,0.0,0.3654839958133118,1.15472062164142,0.334806713934573,0.551403818548848,0.4563401595491764
2024-04-07,0.843740097423274,0.0,0.0,0.0,0.0,0.0,1.0,0.0,0.0,1.0,0.0,0.0,0.0,0.0,0.0,0.0,0.0,0.0,0.0,0.0,0.0,0.3814414490727919,1.13720404907026,0.310874352459622,0.54210787427042,0.4563401595491764
2024-04-08,1.15144730491065,0.0,0.0,0.0,0.0,0.0,0.0,0.0,0.0,1.0,0.0,0.0,0.0,0.0,0.0,0.0,0.0,0.0,0.0,0.0,0.0,0.3972860276706894,0.906248167968102,0.282370907839733,0.334806713934573,0.4519256550192464
2024-04-09,1.06615978936301,1.0,0.0,0.0,0.0,0.0,0.0,0.0,0.0,1.0,0.0,0.0,0.0,0.0,0.0,0.0,0.0,0.0,0.0,0.0,0.0,0.4130130429412807,1.42182355452547,0.384224683727399,0.310874352459622,0.44302972743934227
2024-04-10,0.748933223653044,0.0,1.0,0.0,0.0,0.0,0.0,0.0,0.0,1.0,0.0,0.0,0.0,0.0,0.0,0.0,0.0,0.0,0.0,0.0,0.0,0.42861784100772643,0.702764149034042,1.15472062164142,0.282370907839733,0.43079548574139104
2024-04-11,0.75770470726854,0.0,0.0,1.0,0.0,0.0,0.0,0.0,0.0,1.0,0.0,0.0,0.0,0.0,0.0,0.0,0.0,0.0,0.0,0.0,0.0,0.4440958041592176,0.843740097423274,1.13720404907026,0.384224683727399,0.41244139266312846
2024-04-12,0.638162790971343,0.0,0.0,0.0,1.0,0.0,0.0,0.0,0.0,1.0,0.0,0.0,0.0,0.0,0.0,0.0,0.0,0.0,0.0,0.0,0.0,0.459442352217446,1.15144730491065,0.906248167968102,1.15472062164142,0.41244139266312846
2024-04-13,0.553973864172319,0.0,0.0,0.0,0.0,1.0,0.0,0.0,0.0,1.0,0.0,0.0,0.0,0.0,0.0,0.0,0.0,0.0,0.0,0.0,0.0,0.47465294389193496,1.06615978936301,1.42182355452547,1.13720404907026,0.41244139266312846
2024-04-14,0.459607811678922,0.0,0.0,0.0,0.0,0.0,1.0,0.0,0.0,1.0,0.0,0.0,0.0,0.0,0.0,0.0,0.0,0.0,0.0,0.0,0.0,0.48972307812389554,0.748933223653044,0.702764149034042,0.906248167968102,0.41244139266312846
2024-04-15,0.839181683916408,0.0,0.0,0.0,0.0,0.0,0.0,0.0,0.0,1.0,0.0,0.0,0.0,0.0,0.0,0.0,0.0,0.0,0.0,0.0,0.0,0.5046482954181526,0.75770470726854,0.843740097423274,1.42182355452547,0.41244139266312846
2024-04-16,0.920316295713532,1.0,0.0,0.0,0.0,0.0,0.0,0.0,0.0,1.0,0.0,0.0,0.0,0.0,0.0,0.0,0.0,0.0,0.0,0.0,0.0,0.5194241791627843,0.638162790971343,1.15144730491065,0.702764149034042,0.43079548574139104
2024-04-17,0.922707096663734,0.0,1.0,0.0,0.0,0.0,0.0,0.0,0.0,1.0,0.0,0.0,0.0,0.0,0.0,0.0,0.0,0.0,0.0,0.0,0.0,0.5340463569360717,0.553973864172319,1.06615978936301,0.843740097423274,0.43079548574139104
2024-04-18,0.493987016830498,0.0,0.0,1.0,0.0,0.0,0.0,0.0,0.0,1.0,0.0,0.0,0.0,0.0,0.0,0.0,0.0,0.0,0.0,0.0,0.0,0.5485105018003605,0.459607811678922,0.748933223653044,1.15144730491065,0.43079548574139104
2024-04-19,0.477990602532768,0.0,0.0,0.0,1.0,0.0,0.0,0.0,0.0,1.0,0.0,0.0,0.0,0.0,0.0,0.0,0.0,0.0,0.0,0.0,0.0,0.5628123335824821,0.839181683916408,0.75770470726854,1.06615978936301,0.43079548574139104
2024-04-20,0.369825131591774,0.0,0.0,0.0,0.0,1.0,0.0,0.0,0.0,1.0,0.0,0.0,0.0,0.0,0.0,0.0,0.0,0.0,0.0,0.0,0.0,0.576947620140316,0.920316295713532,0.638162790971343,0.748933223653044,0.43079548574139104
2024-04-21,0.654462257555628,0.0,0.0,0.0,0.0,0.0,1.0,0.0,0.0,1.0,0.0,0.0,0.0,0.0,0.0,0.0,0.0,0.0,0.0,0.0,0.0,0.5909121786151564,0.922707096663734,0.553973864172319,0.75770470726854,0.43079548574139104
2024-04-22,1.04419859443581,0.0,0.0,0.0,0.0,0.0,0.0,0.0,0.0,1.0,0.0,0.0,0.0,0.0,0.0,0.0,0.0,0.0,0.0,0.0,0.0,0.6047018766694813,0.493987016830498,0.459607811678922,0.638162790971343,0.43079548574139104
2024-04-23,0.874885955488847,1.0,0.0,0.0,0.0,0.0,0.0,0.0,0.0,1.0,0.0,0.0,0.0,0.0,0.0,0.0,0.0,0.0,0.0,0.0,0.0,0.6183126337097825,0.477990602532768,0.839181683916408,0.553973864172319,0.44295327437900023
2024-04-24,0.882159312377832,0.0,1.0,0.0,0.0,0.0,0.0,0.0,0.0,1.0,0.0,0.0,0.0,0.0,0.0,0.0,0.0,0.0,0.0,0.0,0.0,0.6317404220940747,0.369825131591774,0.920316295713532,0.459607811678922,0.4519256550192464
2024-04-25,0.545380374754598,0.0,0.0,1.0,0.0,0.0,0.0,0.0,0.0,1.0,0.0,0.0,0.0,0.0,0.0,0.0,0.0,0.0,0.0,0.0,0.0,0.6449812683237445,0.654462257555628,0.922707096663734,0.839181683916408,0.4558130027792888
2024-04-26,0.692091608433379,0.0,0.0,0.0,1.0,0.0,0.0,0.0,0.0,1.0,0.0,0.0,0.0,0.0,0.0,0.0,0.0,0.0,0.0,0.0,0.0,0.6580312542193658,1.04419859443581,0.493987016830498,0.920316295713532,0.4558130027792888
2024-04-27,0.800415781253325,0.0,0.0,0.0,0.0,1.0,0.0,0.0,0.0,1.0,0.0,0.0,0.0,0.0,0.0,0.0,0.0,0.0,0.0,0.0,0.0,0.6708865180801582,0.874885955488847,0.477990602532768,0.922707096663734,0.4558130027792888
2024-04-28,0.715802901595101,0.0,0.0,0.0,0.0,0.0,1.0,0.0,0.0,1.0,0.0,0.0,0.0,0.0,0.0,0.0,0.0,0.0,0.0,0.0,0.0,0.683543255826725,0.882159312377832,0.369825131591774,0.493987016830498,0.4558130027792888
2024-04-29,1.04434287026951,0.0,0.0,0.0,0.0,0.0,0.0,0.0,0.0,1.0,0.0,0.0,0.0,0.0,0.0,0.0,0.0,0.0,0.0,0.0,0.0,0.6959977221267386,0.545380374754598,0.654462257555628,0.477990602532768,0.4558130027792888
2024-04-30,1.02004207000482,1.0,0.0,0.0,0.0,0.0,0.0,0.0,0.0,1.0,0.0,0.0,0.0,0.0,0.0,0.0,0.0,0.0,0.0,0.0,0.0,0.7082462315032488,0.692091608433379,1.04419859443581,0.369825131591774,0.4558130027792888
2024-05-01,0.903693498601294,0.0,1.0,0.0,0.0,0.0,0.0,0.0,0.0,0.0,1.0,0.0,0.0,0.0,0.0,0.0,0.0,0.0,0.0,0.0,0.0,0.7202851594252705,0.800415781253325,0.874885955488847,0.654462257555628,0.4558130027792888
2024-05-02,0.428387998721263,0.0,0.0,1.0,0.0,0.0,0.0,0.0,0.0,0.0,1.0,0.0,0.0,0.0,0.0,0.0,0.0,0.0,0.0,0.0,0.0,0.7321109433803457,0.715802901595101,0.882159312377832,1.04419859443581,0.4558130027792888
2024-05-03,0.596065179933605,0.0,0.0,0.0,1.0,0.0,0.0,0.0,0.0,0.0,1.0,0.0,0.0,0.0,0.0,0.0,0.0,0.0,0.0,0.0,0.0,0.7437200839287408,1.04434287026951,0.545380374754598,0.874885955488847,0.4558130027792888
2024-05-04,0.260246214548849,0.0,0.0,0.0,0.0,1.0,0.0,0.0,0.0,0.0,1.0,0.0,0.0,0.0,0.0,0.0,0.0,0.0,0.0,0.0,0.0,0.7551091457389965,1.02004207000482,0.692091608433379,0.882159312377832,0.4558130027792888
2024-05-05,0.371250252212061,0.0,0.0,0.0,0.0,0.0,1.0,0.0,0.0,0.0,1.0,0.0,0.0,0.0,0.0,0.0,0.0,0.0,0.0,0.0,0.0,0.7662747586044899,0.903693498601294,0.800415781253325,0.545380374754598,0.4558130027792888
2024-05-06,0.349460285585031,0.0,0.0,0.0,0.0,0.0,0.0,0.0,0.0,0.0,1.0,0.0,0.0,0.0,0.0,0.0,0.0,0.0,1.0,0.0,0.0,0.7772136184407363,0.428387998721263,0.715802901595101,0.692091608433379,0.4558130027792888
2024-05-07,0.808152429960631,1.0,0.0,0.0,0.0,0.0,0.0,0.0,0.0,0.0,1.0,0.0,0.0,0.0,0.0,0.0,0.0,0.0,0.0,1.0,0.0,0.7879224882631226,0.596065179933605,1.04434287026951,0.800415781253325,0.4593373768963684
2024-05-08,0.986680389851089,0.0,1.0,0.0,0.0,0.0,0.0,0.0,0.0,0.0,1.0,0.0,0.0,0.0,0.0,0.0,0.0,0.0,0.0,0.0,0.0,0.7983981991447763,0.260246214548849,1.02004207000482,0.715802901595101,0.4593373768963684
2024-05-09,0.972842001398238,0.0,0.0,1.0,0.0,0.0,0.0,0.0,0.0,0.0,1.0,0.0,0.0,0.0,0.0,0.0,0.0,0.0,0.0,0.0,0.0,0.8086376511543127,0.371250252212061,0.903693498601294,1.04434287026951,0.4593373768963684
2024-05-10,0.608275802675037,0.0,0.0,0.0,1.0,0.0,0.0,0.0,0.0,0.0,1.0,0.0,0.0,0.0,0.0,0.0,0.0,0.0,0.0,0.0,0.0,0.8186378142731427,0.349460285585031,0.428387998721263,1.02004207000482,0.4593373768963684
2024-05-11,0.245488343063695,0.0,0.0,0.0,0.0,1.0,0.0,0.0,0.0,0.0,1.0,0.0,0.0,0.0,0.0,0.0,0.0,0.0,0.0,0.0,0.0,0.8283957292921139,0.808152429960631,0.596065179933605,0.903693498601294,0.4593373768963684
2024-05-12,0.517285279322513,0.0,0.0,0.0,0.0,0.0,1.0,0.0,0.0,0.0,1.0,0.0,0.0,0.0,0.0,0.0,0.0,0.0,0.0,0.0,0.0,0.8379085086871813,0.986680389851089,0.260246214548849,0.428387998721263,0.4558130027792888
2024-05-13,0.52502077662882,0.0,0.0,0.0,0.0,0.0,0.0,0.0,0.0,0.0,1.0,0.0,0.0,0.0,0.0,0.0,0.0,0.0,0.0,0.0,0.0,0.847173337473877,0.972842001398238,0.371250252212061,0.596065179933605,0.4558130027792888
2024-05-14,0.526057596947219,1.0,0.0,0.0,0.0,0.0,0.0,0.0,0.0,0.0,1.0,0.0,0.0,0.0,0.0,0.0,0.0,0.0,0.0,0.0,0.0,0.8561874740403054,0.608275802675037,0.349460285585031,0.260246214548849,0.4558130027792888
2024-05-15,0.495498272687149,0.0,1.0,0.0,0.0,0.0,0.0,0.0,0.0,0.0,1.0,0.0,0.0,0.0,0.0,0.0,0.0,0.0,0.0,0.0,0.0,0.8649482509584342,0.245488343063695,0.808152429960631,0.371250252212061,0.4558130027792888
2024-05-16,0.512958948167685,0.0,0.0,1.0,0.0,0.0,0.0,0.0,0.0,0.0,1.0,0.0,0.0,0.0,0.0,0.0,0.0,0.0,0.0,0.0,0.0,0.8734530757734247,0.517285279322513,0.986680389851089,0.349460285585031,0.44203615140715424
2024-05-17,0.59112155844876,0.0,0.0,0.0,1.0,0.0,0.0,0.0,0.0,0.0,1.0,0.0,0.0,0.0,0.0,0.0,0.0,0.0,0.0,0.0,0.0,0.8816994317707848,0.52502077662882,0.972842001398238,0.808152429960631,0.44203615140715424
2024-05-18,0.292582899389555,0.0,0.0,0.0,0.0,1.0,0.0,0.0,0.0,0.0,1.0,0.0,0.0,0.0,0.0,0.0,0.0,0.0,0.0,0.0,0.0,0.8896848787211044,0.526057596947219,0.608275802675037,0.986680389851089,0.44203615140715424
2024-05-19,0.370705218932332,0.0,0.0,0.0,0.0,0.0,1.0,0.0,0.0,0.0,1.0,0.0,0.0,0.0,0.0,0.0,0.0,0.0,0.0,0.0,0.0,0.8974070536021568,0.495498272687149,0.245488343063695,0.972842001398238,0.44203615140715424
2024-05-20,0.860490761054207,0.0,0.0,0.0,0.0,0.0,0.0,0.0,0.0,0.0,1.0,0.0,0.0,0.0,0.0,0.0,0.0,0.0,0.0,0.0,0.0,0.9048636712981575,0.512958948167685,0.517285279322513,0.608275802675037,0.44203615140715424
2024-05-21,0.991210643667865,1.0,0.0,0.0,0.0,0.0,0.0,0.0,0.0,0.0,1.0,0.0,0.0,0.0,0.0,0.0,0.0,0.0,0.0,0.0,0.0,0.912052525275964,0.59112155844876,0.52502077662882,0.245488343063695,0.41090573634745065
2024-05-22,0.605956598453808,0.0,1.0,0.0,0.0,0.0,0.0,0.0,0.0,0.0,1.0,0.0,0.0,0.0,0.0,0.0,0.0,0.0,0.0,0.0,0.0,0.9189714882380281,0.292582899389555,0.526057596947219,0.517285279322513,0.41090573634745065
2024-05-23,0.570441524134733,0.0,0.0,1.0,0.0,0.0,0.0,0.0,0.0,0.0,1.0,0.0,0.0,0.0,0.0,0.0,0.0,0.0,0.0,0.0,0.0,0.9256185127518922,0.370705218932332,0.495498272687149,0.52502077662882,0.44711988649585843
2024-05-24,0.422664118966155,0.0,0.0,0.0,1.0,0.0,0.0,0.0,0.0,0.0,1.0,0.0,0.0,0.0,0.0,0.0,0.0,0.0,0.0,0.0,0.0,0.9319916318560635,0.860490761054207,0.512958948167685,0.526057596947219,0.44711988649585843
2024-05-25,0.533171644043444,0.0,0.0,0.0,0.0,1.0,0.0,0.0,0.0,0.0,1.0,0.0,0.0,0.0,0.0,0.0,0.0,0.0,0.0,0.0,0.0,0.9380889596420647,0.991210643667865,0.59112155844876,0.495498272687149,0.44711988649585843
2024-05-26,0.493377050652941,0.0,0.0,0.0,0.0,0.0,1.0,0.0,0.0,0.0,1.0,0.0,0.0,0.0,0.0,0.0,0.0,0.0,0.0,0.0,0.0,0.9439086918125081,0.605956598453808,0.292582899389555,0.512958948167685,0.44711988649585843
2024-05-27,0.481006095239026,0.0,0.0,0.0,0.0,0.0,0.0,0.0,0.0,0.0,1.0,0.0,0.0,0.0,0.0,0.0,0.0,0.0,1.0,0.0,0.0,0.9494491062150135,0.570441524134733,0.370705218932332,0.59112155844876,0.47063748619122964
2024-05-28,0.692485107516009,1.0,0.0,0.0,0.0,0.0,0.0,0.0,0.0,0.0,1.0,0.0,0.0,0.0,0.0,0.0,0.0,0.0,0.0,1.0,0.0,0.9547085633518225,0.422664118966155,0.860490761054207,0.292582899389555,0.47063748619122964
2024-05-29,0.814513381596611,0.0,1.0,0.0,0.0,0.0,0.0,0.0,0.0,0.0,1.0,0.0,0.0,0.0,0.0,0.0,0.0,0.0,0.0,0.0,0.0,0.9596855068649522,0.533171644043444,0.991210643667865,0.370705218932332,0.47063748619122964
2024-05-30,0.604493156120279,0.0,0.0,1.0,0.0,0.0,0.0,0.0,0.0,0.0,1.0,0.0,0.0,0.0,0.0,0.0,0.0,0.0,0.0,0.0,0.0,0.9643784639967451,0.493377050652941,0.605956598453808,0.860490761054207,0.48758845111140603
2024-05-31,0.568102046698004,0.0,0.0,0.0,1.0,0.0,0.0,0.0,0.0,0.0,1.0,0.0,0.0,0.0,0.0,0.0,0.0,0.0,0.0,0.0,0.0,0.968786046025684,0.481006095239026,0.570441524134733,0.991210643667865,0.48758845111140603
2024-06-01,0.471888227791815,0.0,0.0,0.0,0.0,1.0,0.0,0.0,0.0,0.0,0.0,1.0,0.0,0.0,0.0,0.0,0.0,0.0,0.0,0.0,0.0,0.9729069486773348,0.692485107516009,0.422664118966155,0.605956598453808,0.48758845111140603
2024-06-02,0.597104338270489,0.0,0.0,0.0,0.0,0.0,1.0,0.0,0.0,0.0,0.0,1.0,0.0,0.0,0.0,0.0,0.0,0.0,0.0,0.0,0.0,0.9767399525103048,0.814513381596611,0.533171644043444,0.570441524134733,0.48758845111140603
2024-06-03,1.00805502446073,0.0,0.0,0.0,0.0,0.0,0.0,0.0,0.0,0.0,0.0,1.0,0.0,0.0,0.0,0.0,0.0,0.0,0.0,0.0,0.0,0.9802839232770918,0.604493156120279,0.493377050652941,0.422664118966155,0.47063748619122964
2024-06-04,1.11541124571772,1.0,0.0,0.0,0.0,0.0,0.0,0.0,0.0,0.0,0.0,1.0,0.0,0.0,0.0,0.0,0.0,0.0,0.0,0.0,0.0,0.9835378122597296,0.568102046698004,0.481006095239026,0.533171644043444,0.47063748619122964
2024-06-05,1.30951701719571,0.0,1.0,0.0,0.0,0.0,0.0,0.0,0.0,0.0,0.0,1.0,0.0,0.0,0.0,0.0,0.0,0.0,0.0,0.0,1.0,0.9865006565801178,0.471888227791815,0.692485107516009,0.493377050652941,0.47063748619122964
2024-06-06,0.59847910955182,0.0,0.0,1.0,0.0,0.0,0.0,0.0,0.0,0.0,0.0,1.0,0.0,0.0,0.0,0.0,0.0,0.0,0.0,0.0,0.0,0.9891715794849547,0.597104338270489,0.814513381596611,0.481006095239026,0.47063748619122964
2024-06-07,0.617811507855947,0.0,0.0,0.0,1.0,0.0,0.0,0.0,0.0,0.0,0.0,1.0,0.0,0.0,0.0,0.0,0.0,0.0,0.0,0.0,0.0,0.9915497906051816,1.00805502446073,0.604493156120279,0.692485107516009,0.47063748619122964
2024-06-08,0.441491267040648,0.0,0.0,0.0,0.0,1.0,0.0,0.0,0.0,0.0,0.0,1.0,0.0,0.0,0.0,0.0,0.0,0.0,0.0,0.0,0.0,0.993634586189866,1.11541124571772,0.568102046698004,0.814513381596611,0.47063748619122964
2024-06-09,0.622387753888925,0.0,0.0,0.0,0.0,0.0,1.0,0.0,0.0,0.0,0.0,1.0,0.0,0.0,0.0,0.0,0.0,0.0,0.0,0.0,0.0,0.9954253493144537,1.30951701719571,0.471888227791815,0.604493156120279,0.47063748619122964
2024-06-10,0.840157649050107,0.0,0.0,0.0,0.0,0.0,0.0,0.0,0.0,0.0,0.0,1.0,0.0,0.0,0.0,0.0,0.0,0.0,0.0,0.0,0.0,0.9969215500633253,0.59847910955182,0.597104338270489,0.568102046698004,0.47063748619122964
2024-06-11,0.470708476893571,1.0,0.0,0.0,0.0,0.0,0.0,0.0,0.0,0.0,0.0,1.0,0.0,0.0,0.0,0.0,0.0,0.0,0.0,0.0,0.0,0.9981227456866077,0.617811507855947,1.00805502446073,0.471888227791815,0.4669760613466578
2024-06-12,0.486143207635872,0.0,1.0,0.0,0.0,0.0,0.0,0.0,0.0,0.0,0.0,1.0,0.0,0.0,0.0,0.0,0.0,0.0,0.0,0.0,0.0,0.9990285807311906,0.441491267040648,1.11541124571772,0.597104338270489,0.4755496526363868
2024-06-13,0.787819092109622,0.0,0.0,1.0,0.0,0.0,0.0,0.0,0.0,0.0,0.0,1.0,0.0,0.0,0.0,0.0,0.0,0.0,0.0,0.0,0.0,0.9996387871459109,0.622387753888925,1.30951701719571,1.00805502446073,0.4755496526363868
2024-06-14,0.38495630053533,0.0,0.0,0.0,1.0,0.0,0.0,0.0,0.0,0.0,0.0,1.0,0.0,0.0,0.0,0.0,0.0,0.0,0.0,0.0,0.0,0.999953184360873,0.840157649050107,0.59847910955182,1.11541124571772,0.4755496526363868
2024-06-15,0.170042071081231,0.0,0.0,0.0,0.0,1.0,0.0,0.0,0.0,0.0,0.0,1.0,0.0,0.0,0.0,0.0,0.0,0.0,0.0,0.0,0.0,0.999971679340883,0.470708476893571,0.617811507855947,1.30951701719571,0.4755496526363868
2024-06-16,0.401713123652074,0.0,0.0,0.0,0.0,0.0,1.0,0.0,0.0,0.0,0.0,1.0,0.0,0.0,0.0,0.0,0.0,0.0,0.0,0.0,0.0,0.9996942666129788,0.486143207635872,0.441491267040648,0.59847910955182,0.4755496526363868
2024-06-17,0.728477700697267,0.0,0.0,0.0,0.0,0.0,0.0,0.0,0.0,0.0,0.0,1.0,0.0,0.0,0.0,0.0,0.0,0.0,0.0,0.0,0.0,0.9991210282680496,0.787819092109622,0.622387753888925,0.617811507855947,0.4773589482601416
2024-06-18,0.838563395797036,1.0,0.0,0.0,0.0,0.0,0.0,0.0,0.0,0.0,0.0,1.0,0.0,0.0,0.0,0.0,0.0,0.0,0.0,0.0,0.0,0.9982521339365441,0.38495630053533,0.840157649050107,0.441491267040648,0.4773589482601416
2024-06-19,0.392632562583581,0.0,1.0,0.0,0.0,0.0,0.0,0.0,0.0,0.0,0.0,1.0,0.0,0.0,0.0,0.0,0.0,0.0,0.0,0.0,0.0,0.9970878407382744,0.170042071081231,0.470708476893571,0.622387753888925,0.4773589482601416
2024-06-20,0.305404967827933,0.0,0.0,1.0,0.0,0.0,0.0,0.0,0.0,0.0,0.0,1.0,0.0,0.0,0.0,0.0,0.0,0.0,0.0,0.0,0.0,0.9956284932063294,0.401713123652074,0.486143207635872,0.840157649050107,0.4773589482601416
2024-06-21,0.387833093096501,0.0,0.0,0.0,1.0,0.0,0.0,0.0,0.0,0.0,0.0,1.0,0.0,0.0,0.0,0.0,0.0,0.0,0.0,0.0,0.0,0.9938745231851225,0.728477700697267,0.787819092109622,0.470708476893571,0.4714163274325174
2024-06-22,0.528124538885079,0.0,0.0,0.0,0.0,1.0,0.0,0.0,0.0,0.0,0.0,1.0,0.0,0.0,0.0,0.0,0.0,0.0,0.0,0.0,0.0,0.9918264497026016,0.838563395797036,0.38495630053533,0.486143207635872,0.4714163274325174
2024-06-23,0.67249830202865,0.0,0.0,0.0,0.0,0.0,1.0,0.0,0.0,0.0,0.0,1.0,0.0,0.0,0.0,0.0,0.0,0.0,0.0,0.0,0.0,0.9894848788166606,0.392632562583581,0.170042071081231,0.787819092109622,0.4714163274325174
2024-06-24,0.699502135204712,0.0,0.0,0.0,0.0,0.0,0.0,0.0,0.0,0.0,0.0,1.0,0.0,0.0,0.0,0.0,0.0,0.0,0.0,0.0,0.0,0.9868505034357966,0.305404967827933,0.401713123652074,0.38495630053533,0.45902159295240186
2024-06-25,0.732721788383723,1.0,0.0,0.0,0.0,0.0,0.0,0.0,0.0,0.0,0.0,1.0,0.0,0.0,0.0,0.0,0.0,0.0,0.0,0.0,0.0,0.9839241031140683,0.387833093096501,0.728477700697267,0.170042071081231,0.43624995971289404
2024-06-26,0.641012671401533,0.0,1.0,0.0,0.0,0.0,0.0,0.0,0.0,0.0,0.0,1.0,0.0,0.0,0.0,0.0,0.0,0.0,0.0,0.0,0.0,0.9807065438204117,0.528124538885079,0.838563395797036,0.401713123652074,0.4260984468192198
2024-06-27,0.406478852485355,0.0,0.0,1.0,0.0,0.0,0.0,0.0,0.0,0.0,0.0,1.0,0.0,0.0,0.0,0.0,0.0,0.0,0.0,0.0,0.0,0.9771987776823877,0.67249830202865,0.392632562583581,0.728477700697267,0.4260984468192198
2024-06-28,0.309789506098254,0.0,0.0,0.0,1.0,0.0,0.0,0.0,0.0,0.0,0.0,1.0,0.0,0.0,0.0,0.0,0.0,0.0,0.0,0.0,0.0,0.973401842704431,0.699502135204712,0.305404967827933,0.838563395797036,0.4260984468192198
2024-06-29,0.236954907621929,0.0,0.0,0.0,0.0,1.0,0.0,0.0,0.0,0.0,0.0,1.0,0.0,0.0,0.0,0.0,0.0,0.0,0.0,0.0,0.0,0.9693168624606878,0.732721788383723,0.387833093096501,0.392632562583581,0.4142837208405227
2024-06-30,0.226437190506324,0.0,0.0,0.0,0.0,0.0,1.0,0.0,0.0,0.0,0.0,1.0,0.0,0.0,0.0,0.0,0.0,0.0,0.0,0.0,0.0,0.9649450457625344,0.641012671401533,0.528124538885079,0.305404967827933,0.3980808992246768
2024-07-01,0.218026636190208,0.0,0.0,0.0,0.0,0.0,0.0,0.0,0.0,0.0,0.0,0.0,1.0,0.0,0.0,0.0,0.0,0.0,0.0,0.0,0.0,0.9602876863008663,0.406478852485355,0.67249830202865,0.387833093096501,0.390712774788749
2024-07-02,0.432022322312632,1.0,0.0,0.0,0.0,0.0,0.0,0.0,0.0,0.0,0.0,0.0,1.0,0.0,0.0,0.0,0.0,0.0,0.0,0.0,0.0,0.9553461622632788,0.309789506098254,0.699502135204712,0.528124538885079,0.3980808992246768
2024-07-03,0.567838900020066,0.0,1.0,0.0,0.0,0.0,0.0,0.0,0.0,0.0,0.0,0.0,1.0,0.0,0.0,0.0,0.0,0.0,0.0,0.0,0.0,0.9501219359262361,0.236954907621929,0.732721788383723,0.67249830202865,0.4142837208405227
2024-07-04,0.460390141652125,0.0,0.0,1.0,0.0,0.0,0.0,0.0,0.0,0.0,0.0,0.0,1.0,0.0,0.0,0.0,0.0,0.0,0.0,0.0,0.0,0.9446165532223606,0.226437190506324,0.641012671401533,0.699502135204712,0.4339604078108508
2024-07-05,0.262326656961139,0.0,0.0,0.0,1.0,0.0,0.0,0.0,0.0,0.0,0.0,0.0,1.0,0.0,0.0,0.0,0.0,0.0,0.0,0.0,0.0,0.9388316432829672,0.218026636190208,0.406478852485355,0.732721788383723,0.4339604078108508
2024-07-06,0.264184515609793,0.0,0.0,0.0,0.0,1.0,0.0,0.0,0.0,0.0,0.0,0.0,1.0,0.0,0.0,0.0,0.0,0.0,0.0,0.0,0.0,0.9327689179559782,0.432022322312632,0.309789506098254,0.641012671401533,0.4339604078108508
2024-07-07,0.374219804240646,0.0,0.0,0.0,0.0,0.0,1.0,0.0,0.0,0.0,0.0,0.0,1.0,0.0,0.0,0.0,0.0,0.0,0.0,0.0,0.0,0.9264301712993565,0.567838900020066,0.236954907621929,0.406478852485355,0.416190012373835
2024-07-08,0.33587282456185,0.0,0.0,0.0,0.0,0.0,0.0,0.0,0.0,0.0,0.0,0.0,1.0,0.0,0.0,0.0,0.0,0.0,0.0,0.0,0.0,0.9198172790502196,0.460390141652125,0.226437190506324,0.309789506098254,0.4045725609520426
2024-07-09,0.44220848633984,1.0,0.0,0.0,0.0,0.0,0.0,0.0,0.0,0.0,0.0,0.0,1.0,0.0,0.0,0.0,0.0,0.0,0.0,0.0,0.0,0.9129321980697749,0.262326656961139,0.218026636190208,0.236954907621929,0.4045725609520426
2024-07-10,0.310581045732685,0.0,1.0,0.0,0.0,0.0,0.0,0.0,0.0,0.0,0.0,0.0,1.0,0.0,0.0,0.0,0.0,0.0,0.0,0.0,0.0,0.9057769657642539,0.264184515609793,0.432022322312632,0.226437190506324,0.3980808992246768
2024-07-11,0.297073224327734,0.0,0.0,1.0,0.0,0.0,0.0,0.0,0.0,0.0,0.0,0.0,1.0,0.0,0.0,0.0,0.0,0.0,0.0,0.0,0.0,0.8983536994820138,0.374219804240646,0.567838900020066,0.218026636190208,0.390712774788749
2024-07-12,0.425966177181705,0.0,0.0,0.0,1.0,0.0,0.0,0.0,0.0,0.0,0.0,0.0,1.0,0.0,0.0,0.0,0.0,0.0,0.0,0.0,0.0,0.8906645958869751,0.33587282456185,0.460390141652125,0.432022322312632,0.390712774788749
2024-07-13,0.43439511071303,0.0,0.0,0.0,0.0,1.0,0.0,0.0,0.0,0.0,0.0,0.0,1.0,0.0,0.0,0.0,0.0,0.0,0.0,0.0,0.0,0.8827119303085995,0.44220848633984,0.262326656961139,0.567838900020066,0.390712774788749
2024-07-14,0.365567640538711,0.0,0.0,0.0,0.0,0.0,1.0,0.0,0.0,0.0,0.0,0.0,1.0,0.0,0.0,0.0,0.0,0.0,0.0,0.0,0.0,0.8744980560685747,0.310581045732685,0.264184515609793,0.460390141652125,0.390712774788749
2024-07-15,0.501705674366442,0.0,0.0,0.0,0.0,0.0,0.0,0.0,0.0,0.0,0.0,0.0,1.0,0.0,0.0,0.0,0.0,0.0,0.0,0.0,0.0,0.8660254037844392,0.297073224327734,0.374219804240646,0.262326656961139,0.3866823760720326
2024-07-16,0.630737958898311,1.0,0.0,0.0,0.0,0.0,0.0,0.0,0.0,0.0,0.0,0.0,1.0,0.0,0.0,0.0,0.0,0.0,0.0,0.0,0.0,0.8572964806503138,0.425966177181705,0.33587282456185,0.264184515609793,0.3866823760720326
2024-07-17,0.524761401788263,0.0,1.0,0.0,0.0,0.0,0.0,0.0,0.0,0.0,0.0,0.0,1.0,0.0,0.0,0.0,0.0,0.0,0.0,0.0,0.0,0.848313869694991,0.43439511071303,0.44220848633984,0.374219804240646,0.3866823760720326
2024-07-18,0.574601351536107,0.0,0.0,1.0,0.0,0.0,0.0,0.0,0.0,0.0,0.0,0.0,1.0,0.0,0.0,0.0,0.0,0.0,0.0,0.0,0.0,0.8390802290175676,0.365567640538711,0.310581045732685,0.33587282456185,0.3806617020174564
2024-07-19,0.593305184494223,0.0,0.0,0.0,1.0,0.0,0.0,0.0,0.0,0.0,0.0,0.0,1.0,0.0,0.0,0.0,0.0,0.0,0.0,0.0,0.0,0.8295982910008742,0.501705674366442,0.297073224327734,0.44220848633984,0.3806617020174564
2024-07-20,0.551263868532561,0.0,0.0,0.0,0.0,1.0,0.0,0.0,0.0,0.0,0.0,0.0,1.0,0.0,0.0,0.0,0.0,0.0,0.0,0.0,0.0,0.8198708615029215,0.630737958898311,0.425966177181705,0.310581045732685,0.35888101236912767
2024-07-21,0.923567556195153,0.0,0.0,0.0,0.0,0.0,1.0,0.0,0.0,0.0,0.0,0.0,1.0,0.0,0.0,0.0,0.0,0.0,0.0,0.0,0.0,0.8099008190265954,0.524761401788263,0.43439511071303,0.297073224327734,0.32575611303018404
2024-07-22,1.14831956462851,0.0,0.0,0.0,0.0,0.0,0.0,0.0,0.0,0.0,0.0,0.0,1.0,0.0,0.0,0.0,0.0,0.0,0.0,0.0,0.0,0.799691113867869,0.574601351536107,0.365567640538711,0.425966177181705,0.32575611303018404
2024-07-23,0.941240428544929,1.0,0.0,0.0,0.0,0.0,0.0,0.0,0.0,0.0,0.0,0.0,1.0,0.0,0.0,0.0,0.0,0.0,0.0,0.0,0.0,0.7892447672427563,0.593305184494223,0.501705674366442,0.43439511071303,0.32575611303018404
2024-07-24,0.743205989420332,0.0,1.0,0.0,0.0,0.0,0.0,0.0,0.0,0.0,0.0,0.0,1.0,0.0,0.0,0.0,0.0,0.0,0.0,0.0,0.0,0.7785648703932891,0.551263868532561,0.630737958898311,0.365567640538711,0.32575611303018404
2024-07-25,0.387913748023449,0.0,0.0,1.0,0.0,0.0,0.0,0.0,0.0,0.0,0.0,0.0,1.0,0.0,0.0,0.0,0.0,0.0,0.0,0.0,0.0,0.7676545836727673,0.923567556195153,0.524761401788263,0.501705674366442,0.32575611303018404
2024-07-26,0.274785862485557,0.0,0.0,0.0,1.0,0.0,0.0,0.0,0.0,0.0,0.0,0.0,1.0,0.0,0.0,0.0,0.0,0.0,0.0,0.0,0.0,0.756517135610563,1.14831956462851,0.574601351536107,0.630737958898311,0.32575611303018404
2024-07-27,0.231275328090793,0.0,0.0,0.0,0.0,1.0,0.0,0.0,0.0,0.0,0.0,0.0,1.0,0.0,0.0,0.0,0.0,0.0,0.0,0.0,0.0,0.7451558219567401,0.941240428544929,0.593305184494223,0.524761401788263,0.32575611303018404
2024-07-28,0.152920094934646,0.0,0.0,0.0,0.0,0.0,1.0,0.0,0.0,0.0,0.0,0.0,1.0,0.0,0.0,0.0,0.0,0.0,0.0,0.0,0.0,0.733574004706797,0.743205989420332,0.551263868532561,0.574601351536107,0.32575611303018404
2024-07-29,0.397010639556161,0.0,0.0,0.0,0.0,0.0,0.0,0.0,0.0,0.0,0.0,0.0,1.0,0.0,0.0,0.0,0.0,0.0,0.0,0.0,0.0,0.7217751111067903,0.387913748023449,0.923567556195153,0.593305184494223,0.32575611303018404
2024-07-30,0.354761199833566,1.0,0.0,0.0,0.0,0.0,0.0,0.0,0.0,0.0,0.0,0.0,1.0,0.0,0.0,0.0,0.0,0.0,0.0,0.0,0.0,0.709762632639161,0.274785862485557,1.14831956462851,0.551263868532561,0.32575611303018404
2024-07-31,0.29032966314831,0.0,1.0,0.0,0.0,0.0,0.0,0.0,0.0,0.0,0.0,0.0,1.0,0.0,0.0,0.0,0.0,0.0,0.0,0.0,0.0,0.6975401239895522,0.231275328090793,0.941240428544929,0.923567556195153,0.32575611303018404
2024-08-01,0.280828278300026,0.0,0.0,1.0,0.0,0.0,0.0,0.0,0.0,0.0,0.0,0.0,0.0,1.0,0.0,0.0,0.0,0.0,0.0,0.0,0.0,0.6851112019949135,0.152920094934646,0.743205989420332,1.14831956462851,0.32575611303018404
2024-08-02,0.444054990805028,0.0,0.0,0.0,1.0,0.0,0.0,0.0,0.0,0.0,0.0,0.0,0.0,1.0,0.0,0.0,0.0,0.0,0.0,0.0,0.0,0.6724795445732252,0.397010639556161,0.387913748023449,0.941240428544929,0.32575611303018404
2024-08-03,0.494419319159931,0.0,0.0,0.0,0.0,1.0,0.0,0.0,0.0,0.0,0.0,0.0,0.0,1.0,0.0,0.0,0.0,0.0,0.0,0.0,0.0,0.6596488896351408,0.354761199833566,0.274785862485557,0.743205989420332,0.32575611303018404
2024-08-04,0.261897119581239,0.0,0.0,0.0,0.0,0.0,1.0,0.0,0.0,0.0,0.0,0.0,0.0,1.0,0.0,0.0,0.0,0.0,0.0,0.0,0.0,0.6466230339778846,0.29032966314831,0.231275328090793,0.387913748023449,0.32575611303018404
2024-08-05,1.26739656381015,0.0,0.0,0.0,0.0,0.0,0.0,0.0,0.0,0.0,0.0,0.0,0.0,1.0,0.0,0.0,0.0,0.0,0.0,0.0,0.0,0.6334058321617086,0.280828278300026,0.152920094934646,0.274785862485557,0.3102644298789126
2024-08-06,0.916170494485563,1.0,0.0,0.0,0.0,0.0,0.0,0.0,0.0,0.0,0.0,0.0,0.0,1.0,0.0,0.0,0.0,0.0,0.0,0.0,0.0,0.6200011953692776,0.444054990805028,0.397010639556161,0.231275328090793,0.3080356907901256
2024-08-07,0.483947733528093,0.0,1.0,0.0,0.0,0.0,0.0,0.0,0.0,0.0,0.0,0.0,0.0,1.0,0.0,0.0,0.0,0.0,0.0,0.0,0.0,0.6064130902482765,0.494419319159931,0.354761199833566,0.152920094934646,0.3020722704278534
2024-08-08,0.340745971482515,0.0,0.0,1.0,0.0,0.0,0.0,0.0,0.0,0.0,0.0,0.0,0.0,1.0,0.0,0.0,0.0,0.0,0.0,0.0,0.0,0.5926455377376226,0.261897119581239,0.29032966314831,0.397010639556161,0.3020722704278534
2024-08-09,0.594782374507425,0.0,0.0,0.0,1.0,0.0,0.0,0.0,0.0,0.0,0.0,0.0,0.0,1.0,0.0,0.0,0.0,0.0,0.0,0.0,0.0,0.578702611877601,1.26739656381015,0.280828278300026,0.354761199833566,0.3020722704278534
2024-08-10,0.355927090758366,0.0,0.0,0.0,0.0,1.0,0.0,0.0,0.0,0.0,0.0,0.0,0.0,1.0,0.0,0.0,0.0,0.0,0.0,0.0,0.0,0.5645884386042949,0.916170494485563,0.444054990805028,0.29032966314831,0.2943757998559644
2024-08-11,0.197204922635095,0.0,0.0,0.0,0.0,0.0,1.0,0.0,0.0,0.0,0.0,0.0,0.0,1.0,0.0,0.0,0.0,0.0,0.0,0.0,0.0,0.5503071945286527,0.483947733528093,0.494419319159931,0.280828278300026,0.2865291092089964
2024-08-12,0.402989178567397,0.0,0.0,0.0,0.0,0.0,0.0,0.0,0.0,0.0,0.0,0.0,0.0,1.0,0.0,0.0,0.0,0.0,0.0,0.0,0.0,0.5358631057005582,0.340745971482515,0.261897119581239,0.444054990805028,0.2865291092089964
2024-08-13,0.507236594654806,1.0,0.0,0.0,0.0,0.0,0.0,0.0,0.0,0.0,0.0,0.0,0.0,1.0,0.0,0.0,0.0,0.0,0.0,0.0,0.0,0.5212604463582784,0.594782374507425,1.26739656381015,0.494419319159931,0.2943757998559644
2024-08-14,0.580132661212042,0.0,1.0,0.0,0.0,0.0,0.0,0.0,0.0,0.0,0.0,0.0,0.0,1.0,0.0,0.0,0.0,0.0,0.0,0.0,0.0,0.5065035376636455,0.355927090758366,0.916170494485563,0.261897119581239,0.2865291092089964
2024-08-15,0.300151050165369,0.0,0.0,1.0,0.0,0.0,0.0,0.0,0.0,0.0,0.0,0.0,0.0,1.0,0.0,0.0,0.0,0.0,0.0,0.0,0.0,0.4915967464233612,0.197204922635095,0.483947733528093,1.26739656381015,0.2865291092089964
2024-08-16,0.313528556829959,0.0,0.0,0.0,1.0,0.0,0.0,0.0,0.0,0.0,0.0,0.0,0.0,1.0,0.0,0.0,0.0,0.0,0.0,0.0,0.0,0.47654448379677755,0.402989178567397,0.340745971482515,0.916170494485563,0.2865291092089964
2024-08-17,0.223001149452582,0.0,0.0,0.0,0.0,1.0,0.0,0.0,0.0,0.0,0.0,0.0,0.0,1.0,0.0,0.0,0.0,0.0,0.0,0.0,0.0,0.461351203990578,0.507236594654806,0.594782374507425,0.483947733528093,0.2865291092089964
2024-08-18,0.356232047399687,0.0,0.0,0.0,0.0,0.0,1.0,0.0,0.0,0.0,0.0,0.0,0.0,1.0,0.0,0.0,0.0,0.0,0.0,0.0,0.0,0.44602140294068743,0.580132661212042,0.355927090758366,0.340745971482515,0.2865291092089964
2024-08-19,0.339916215692287,0.0,0.0,0.0,0.0,0.0,0.0,0.0,0.0,0.0,0.0,0.0,0.0,1.0,0.0,0.0,0.0,0.0,0.0,0.0,0.0,0.4305596169818739,0.300151050165369,0.197204922635095,0.594782374507425,0.2865291092089964
2024-08-20,0.479908354537208,1.0,0.0,0.0,0.0,0.0,0.0,0.0,0.0,0.0,0.0,0.0,0.0,1.0,0.0,0.0,0.0,0.0,0.0,0.0,0.0,0.4149704215053556,0.313528556829959,0.402989178567397,0.355927090758366,0.2865291092089964
2024-08-21,0.303946835665099,0.0,1.0,0.0,0.0,0.0,0.0,0.0,0.0,0.0,0.0,0.0,0.0,1.0,0.0,0.0,0.0,0.0,0.0,0.0,0.0,0.3992584296048835,0.223001149452582,0.507236594654806,0.197204922635095,0.2784113119742384
2024-08-22,0.293660896730953,0.0,0.0,1.0,0.0,0.0,0.0,0.0,0.0,0.0,0.0,0.0,0.0,1.0,0.0,0.0,0.0,0.0,0.0,0.0,0.0,0.3834282907116408,0.356232047399687,0.580132661212042,0.402989178567397,0.2784113119742384
2024-08-23,0.324549204481598,0.0,0.0,0.0,1.0,0.0,0.0,0.0,0.0,0.0,0.0,0.0,0.0,1.0,0.0,0.0,0.0,0.0,0.0,0.0,0.0,0.3674846892184069,0.339916215692287,0.300151050165369,0.507236594654806,0.2784113119742384
2024-08-24,0.312359109488857,0.0,0.0,0.0,0.0,1.0,0.0,0.0,0.0,0.0,0.0,0.0,0.0,1.0,0.0,0.0,0.0,0.0,0.0,0.0,0.0,0.35143234309337473,0.479908354537208,0.313528556829959,0.580132661212042,0.2784113119742384
2024-08-25,0.373231073363422,0.0,0.0,0.0,0.0,0.0,1.0,0.0,0.0,0.0,0.0,0.0,0.0,1.0,0.0,0.0,0.0,0.0,0.0,0.0,0.0,0.3352760024840169,0.303946835665099,0.223001149452582,0.300151050165369,0.2784113119742384
2024-08-26,0.437206415586001,0.0,0.0,0.0,0.0,0.0,0.0,0.0,0.0,0.0,0.0,0.0,0.0,1.0,0.0,0.0,0.0,0.0,1.0,0.0,0.0,0.3190204483114535,0.293660896730953,0.356232047399687,0.313528556829959,0.2784113119742384
2024-08-27,0.308748994692673,1.0,0.0,0.0,0.0,0.0,0.0,0.0,0.0,0.0,0.0,0.0,0.0,1.0,0.0,0.0,0.0,0.0,0.0,1.0,0.0,0.30267049085568926,0.324549204481598,0.339916215692287,0.223001149452582,0.2784113119742384
2024-08-28,0.678458883341266,0.0,1.0,0.0,0.0,0.0,0.0,0.0,0.0,0.0,0.0,0.0,0.0,1.0,0.0,0.0,0.0,0.0,0.0,0.0,0.0,0.2862309683321809,0.312359109488857,0.479908354537208,0.356232047399687,0.2865291092089964
2024-08-29,0.479485393138036,0.0,0.0,1.0,0.0,0.0,0.0,0.0,0.0,0.0,0.0,0.0,0.0,1.0,0.0,0.0,0.0,0.0,0.0,0.0,0.0,0.2697067454601279,0.373231073363422,0.303946835665099,0.339916215692287,0.2943757998559644
2024-08-30,0.342886101739736,0.0,0.0,0.0,1.0,0.0,0.0,0.0,0.0,0.0,0.0,0.0,0.0,1.0,0.0,0.0,0.0,0.0,0.0,0.0,0.0,0.2531027120229306,0.437206415586001,0.293660896730953,0.479908354537208,0.2943757998559644
2024-08-31,0.319365405754053,0.0,0.0,0.0,0.0,1.0,0.0,0.0,0.0,0.0,0.0,0.0,0.0,1.0,0.0,0.0,0.0,0.0,0.0,0.0,0.0,0.23642378142121298,0.308748994692673,0.324549204481598,0.303946835665099,0.2943757998559644
2024-09-01,0.49277338887349,0.0,0.0,0.0,0.0,0.0,1.0,0.0,0.0,0.0,0.0,0.0,0.0,0.0,1.0,0.0,0.0,0.0,0.0,0.0,0.0,0.21967488921888165,0.678458883341266,0.312359109488857,0.293660896730953,0.29232840329789583
2024-09-02,0.638248126589543,0.0,0.0,0.0,0.0,0.0,0.0,0.0,0.0,0.0,0.0,0.0,0.0,0.0,1.0,0.0,0.0,0.0,0.0,0.0,0.0,0.20286099168260133,0.479485393138036,0.373231073363422,0.324549204481598,0.2957082932890216
2024-09-03,0.528874024427059,1.0,0.0,0.0,0.0,0.0,0.0,0.0,0.0,0.0,0.0,0.0,0.0,0.0,1.0,0.0,0.0,0.0,0.0,0.0,0.0,0.18598706431516085,0.342886101739736,0.437206415586001,0.312359109488857,0.298919919830315
2024-09-04,0.589551151673351,0.0,1.0,0.0,0.0,0.0,0.0,0.0,0.0,0.0,0.0,0.0,0.0,0.0,1.0,0.0,0.0,0.0,0.0,0.0,0.0,0.16905810038314714,0.319365405754053,0.308748994692673,0.373231073363422,0.298919919830315
2024-09-05,0.605661856522261,0.0,0.0,1.0,0.0,0.0,0.0,0.0,0.0,0.0,0.0,0.0,0.0,0.0,1.0,0.0,0.0,0.0,0.0,0.0,0.0,0.15207910943934674,0.49277338887349,0.678458883341266,0.437206415586001,0.298919919830315
2024-09-06,0.515009312072506,0.0,0.0,0.0,1.0,0.0,0.0,0.0,0.0,0.0,0.0,0.0,0.0,0.0,1.0,0.0,0.0,0.0,0.0,0.0,0.0,0.13505511584034569,0.638248126589543,0.479485393138036,0.308748994692673,0.298919919830315
2024-09-07,0.484310097634722,0.0,0.0,0.0,0.0,1.0,0.0,0.0,0.0,0.0,0.0,0.0,0.0,0.0,1.0,0.0,0.0,0.0,0.0,0.0,0.0,0.1179911572597378,0.528874024427059,0.342886101739736,0.678458883341266,0.298919919830315
2024-09-08,0.810394379124761,0.0,0.0,0.0,0.0,0.0,1.0,0.0,0.0,0.0,0.0,0.0,0.0,0.0,1.0,0.0,0.0,0.0,0.0,0.0,0.0,0.10089228319740334,0.589551151673351,0.319365405754053,0.479485393138036,0.302428521465207
2024-09-09,0.640846551291619,0.0,0.0,0.0,0.0,0.0,0.0,0.0,0.0,0.0,0.0,0.0,0.0,0.0,1.0,0.0,0.0,0.0,0.0,0.0,0.0,0.08376355348526826,0.605661856522261,0.49277338887349,0.342886101739736,0.302428521465207
2024-09-10,0.713763462776103,1.0,0.0,0.0,0.0,0.0,0.0,0.0,0.0,0.0,0.0,0.0,0.0,0.0,1.0,0.0,0.0,0.0,0.0,0.0,0.0,0.06661003679003268,0.515009312072506,0.638248126589543,0.319365405754053,0.302428521465207
2024-09-11,0.614519606605851,0.0,1.0,0.0,0.0,0.0,0.0,0.0,0.0,0.0,0.0,0.0,0.0,0.0,1.0,0.0,0.0,0.0,0.0,0.0,0.0,0.04943680911325847,0.484310097634722,0.528874024427059,0.49277338887349,0.302428521465207
2024-09-12,0.699158079271946,0.0,0.0,1.0,0.0,0.0,0.0,0.0,0.0,0.0,0.0,0.0,0.0,0.0,1.0,0.0,0.0,0.0,0.0,0.0,0.0,0.0322489522893041,0.810394379124761,0.589551151673351,0.638248126589543,0.302428521465207
2024-09-13,0.713689639498845,0.0,0.0,0.0,1.0,0.0,0.0,0.0,0.0,0.0,0.0,0.0,0.0,0.0,1.0,0.0,0.0,0.0,0.0,0.0,0.0,0.015051552481533344,0.640846551291619,0.605661856522261,0.528874024427059,0.302428521465207
2024-09-14,0.45821955003284,0.0,0.0,0.0,0.0,1.0,0.0,0.0,0.0,0.0,0.0,0.0,0.0,0.0,1.0,0.0,0.0,0.0,0.0,0.0,0.0,-0.0021503013227746654,0.713763462776103,0.515009312072506,0.589551151673351,0.302428521465207
2024-09-15,0.422793205378127,0.0,0.0,0.0,0.0,0.0,1.0,0.0,0.0,0.0,0.0,0.0,0.0,0.0,1.0,0.0,0.0,0.0,0.0,0.0,0.0,-0.01935151881832447,0.614519606605851,0.484310097634722,0.605661856522261,0.302428521465207
2024-09-16,0.871235957103465,0.0,0.0,0.0,0.0,0.0,0.0,0.0,0.0,0.0,0.0,0.0,0.0,0.0,1.0,0.0,0.0,0.0,0.0,0.0,0.0,-0.03654700988811993,0.699158079271946,0.810394379124761,0.515009312072506,0.302428521465207
2024-09-17,0.729855300640025,1.0,0.0,0.0,0.0,0.0,0.0,0.0,0.0,0.0,0.0,0.0,0.0,0.0,1.0,0.0,0.0,0.0,0.0,0.0,0.0,-0.05373168610970464,0.713689639498845,0.640846551291619,0.484310097634722,0.302428521465207
2024-09-18,0.813428857496526,0.0,1.0,0.0,0.0,0.0,0.0,0.0,0.0,0.0,0.0,0.0,0.0,0.0,1.0,0.0,0.0,0.0,0.0,0.0,0.0,-0.07090046226091157,0.45821955003284,0.713763462776103,0.810394379124761,0.302428521465207
2024-09-19,0.697478717001001,0.0,0.0,1.0,0.0,0.0,0.0,0.0,0.0,0.0,0.0,0.0,0.0,0.0,1.0,0.0,0.0,0.0,0.0,0.0,0.0,-0.08804825782465496,0.422793205378127,0.614519606605851,0.640846551291619,0.302428521465207
2024-09-20,0.549567941550404,0.0,0.0,0.0,1.0,0.0,0.0,0.0,0.0,0.0,0.0,0.0,0.0,0.0,1.0,0.0,0.0,0.0,0.0,0.0,0.0,-0.10516999849234956,0.871235957103465,0.699158079271946,0.713763462776103,0.302428521465207
2024-09-21,0.596315765216247,0.0,0.0,0.0,0.0,1.0,0.0,0.0,0.0,0.0,0.0,0.0,0.0,0.0,1.0,0.0,0.0,0.0,0.0,0.0,0.0,-0.12226061766546593,0.729855300640025,0.713689639498845,0.614519606605851,0.302428521465207
2024-09-22,0.657325223930514,0.0,0.0,0.0,0.0,0.0,1.0,0.0,0.0,0.0,0.0,0.0,0.0,0.0,1.0,0.0,0.0,0.0,0.0,0.0,0.0,-0.1393150579548309,0.813428857496526,0.45821955003284,0.699158079271946,0.302428521465207
2024-09-23,1.32220798579623,0.0,0.0,0.0,0.0,0.0,0.0,0.0,0.0,0.0,0.0,0.0,0.0,0.0,1.0,0.0,0.0,0.0,0.0,0.0,0.0,-0.15632827267718502,0.697478717001001,0.422793205378127,0.713689639498845,0.3068281310816434
2024-09-24,0.931286915965374,1.0,0.0,0.0,0.0,0.0,0.0,0.0,0.0,0.0,0.0,0.0,0.0,0.0,1.0,0.0,0.0,0.0,0.0,0.0,0.0,-0.17329522734857217,0.549567941550404,0.871235957103465,0.45821955003284,0.3109150635703834
2024-09-25,0.997442174406186,0.0,1.0,0.0,0.0,0.0,0.0,0.0,0.0,0.0,0.0,0.0,0.0,0.0,1.0,0.0,0.0,0.0,0.0,0.0,0.0,-0.19021090117413475,0.596315765216247,0.729855300640025,0.422793205378127,0.3130607778935182
2024-09-26,1.38342594770654,0.0,0.0,1.0,0.0,0.0,0.0,0.0,0.0,0.0,0.0,0.0,0.0,0.0,1.0,0.0,0.0,0.0,0.0,0.0,1.0,-0.20707028853384077,0.657325223930514,0.813428857496526,0.871235957103465,0.3130607778935182
2024-09-27,0.957796579111876,0.0,0.0,0.0,1.0,0.0,0.0,0.0,0.0,0.0,0.0,0.0,0.0,0.0,1.0,0.0,0.0,0.0,0.0,0.0,0.0,-0.22386840046373077,1.32220798579623,0.697478717001001,0.729855300640025,0.3130607778935182
2024-09-28,0.614855256208506,0.0,0.0,0.0,0.0,1.0,0.0,0.0,0.0,0.0,0.0,0.0,0.0,0.0,1.0,0.0,0.0,0.0,0.0,0.0,0.0,-0.2406002661322256,0.931286915965374,0.549567941550404,0.813428857496526,0.3170306661844154
2024-09-29,0.994008865380841,0.0,0.0,0.0,0.0,0.0,1.0,0.0,0.0,0.0,0.0,0.0,0.0,0.0,1.0,0.0,0.0,0.0,0.0,0.0,0.0,-0.25726093431108754,0.997442174406186,0.596315765216247,0.697478717001001,0.32247568499058
2024-09-30,1.29197432024721,0.0,0.0,0.0,0.0,0.0,0.0,0.0,0.0,0.0,0.0,0.0,0.0,0.0,1.0,0.0,0.0,0.0,0.0,0.0,0.0,-0.2738454748405547,1.38342594770654,0.657325223930514,0.549567941550404,0.32247568499058
2024-10-01,1.49003709656364,1.0,0.0,0.0,0.0,0.0,0.0,0.0,0.0,0.0,0.0,0.0,0.0,0.0,0.0,1.0,0.0,0.0,0.0,0.0,0.0,-0.2903489800882665,0.957796579111876,1.32220798579623,0.596315765216247,0.32247568499058
2024-10-02,1.02302397025994,0.0,1.0,0.0,0.0,0.0,0.0,0.0,0.0,0.0,0.0,0.0,0.0,0.0,0.0,1.0,0.0,0.0,0.0,0.0,0.0,-0.30676656640150596,0.614855256208506,0.931286915965374,0.657325223930514,0.33376941120801146
2024-10-03,0.501417803083227,0.0,0.0,1.0,0.0,0.0,0.0,0.0,0.0,0.0,0.0,0.0,0.0,0.0,0.0,1.0,0.0,0.0,0.0,0.0,0.0,-0.3230933755523461,0.994008865380841,0.997442174406186,1.32220798579623,0.33376941120801146
2024-10-04,0.788201330188047,0.0,0.0,0.0,1.0,0.0,0.0,0.0,0.0,0.0,0.0,0.0,0.0,0.0,0.0,1.0,0.0,0.0,0.0,0.0,0.0,-0.3393245761752893,1.29197432024721,1.38342594770654,0.931286915965374,0.33376941120801146
2024-10-05,0.485456022869348,0.0,0.0,0.0,0.0,1.0,0.0,0.0,0.0,0.0,0.0,0.0,0.0,0.0,0.0,1.0,0.0,0.0,0.0,0.0,0.0,-0.35545536519693316,1.49003709656364,0.957796579111876,0.997442174406186,0.33376941120801146
2024-10-06,0.575123627882468,0.0,0.0,0.0,0.0,0.0,1.0,0.0,0.0,0.0,0.0,0.0,0.0,0.0,0.0,1.0,0.0,0.0,0.0,0.0,0.0,-0.37148096925728835,1.02302397025994,0.614855256208506,1.38342594770654,0.33376941120801146
2024-10-07,0.813986305667313,0.0,0.0,0.0,0.0,0.0,0.0,0.0,0.0,0.0,0.0,0.0,0.0,0.0,0.0,1.0,0.0,0.0,0.0,0.0,0.0,-0.38739664612228614,0.501417803083227,0.994008865380841,0.957796579111876,0.33376941120801146
2024-10-08,0.753076989125889,1.0,0.0,0.0,0.0,0.0,0.0,0.0,0.0,0.0,0.0,0.0,0.0,0.0,0.0,1.0,0.0,0.0,0.0,0.0,0.0,-0.40319768608708534,0.788201330188047,1.29197432024721,0.614855256208506,0.33376941120801146
2024-10-09,0.969968118900444,0.0,1.0,0.0,0.0,0.0,0.0,0.0,0.0,0.0,0.0,0.0,0.0,0.0,0.0,1.0,0.0,0.0,0.0,0.0,0.0,-0.4188794133697427,0.485456022869348,1.49003709656364,0.994008865380841,0.34169814732075643
2024-10-10,1.00623601534654,0.0,0.0,1.0,0.0,0.0,0.0,0.0,0.0,0.0,0.0,0.0,0.0,0.0,0.0,1.0,0.0,0.0,0.0,0.0,0.0,-0.4344371874948622,0.575123627882468,1.02302397025994,1.29197432024721,0.34169814732075643
2024-10-11,0.726817089068061,0.0,0.0,0.0,1.0,0.0,0.0,0.0,0.0,0.0,0.0,0.0,0.0,0.0,0.0,1.0,0.0,0.0,0.0,0.0,0.0,-0.4498664046667798,0.813986305667313,0.501417803083227,1.49003709656364,0.34169814732075643
2024-10-12,0.624340313116146,0.0,0.0,0.0,0.0,1.0,0.0,0.0,0.0,0.0,0.0,0.0,0.0,0.0,0.0,1.0,0.0,0.0,0.0,0.0,0.0,-0.46516249913190355,0.753076989125889,0.788201330188047,1.02302397025994,0.34169814732075643
2024-10-13,0.82815667979484,0.0,0.0,0.0,0.0,0.0,1.0,0.0,0.0,0.0,0.0,0.0,0.0,0.0,0.0,1.0,0.0,0.0,0.0,0.0,0.0,-0.48032094452978913,0.969968118900444,0.485456022869348,0.501417803083227,0.35089366913570663
2024-10-14,1.01921532243584,0.0,0.0,0.0,0.0,0.0,0.0,0.0,0.0,0.0,0.0,0.0,0.0,0.0,0.0,1.0,0.0,0.0,0.0,0.0,0.0,-0.49533725523256594,1.00623601534654,0.575123627882468,0.788201330188047,0.366431462977928
2024-10-15,0.970155581359819,1.0,0.0,0.0,0.0,0.0,0.0,0.0,0.0,0.0,0.0,0.0,0.0,0.0,0.0,1.0,0.0,0.0,0.0,0.0,0.0,-0.5102069876723092,0.726817089068061,0.813986305667313,0.485456022869348,0.40296835257224506
2024-10-16,0.65560054312651,0.0,1.0,0.0,0.0,0.0,0.0,0.0,0.0,0.0,0.0,0.0,0.0,0.0,0.0,1.0,0.0,0.0,0.0,0.0,0.0,-0.5249257416559593,0.624340313116146,0.753076989125889,0.575123627882468,0.4314411315028514
2024-10-17,1.2015338542041,0.0,0.0,1.0,0.0,0.0,0.0,0.0,0.0,0.0,0.0,0.0,0.0,0.0,0.0,1.0,0.0,0.0,0.0,0.0,0.0,-0.5394891616674117,0.82815667979484,0.969968118900444,0.813986305667313,0.4498142962541044
2024-10-18,0.938785146428337,0.0,0.0,0.0,1.0,0.0,0.0,0.0,0.0,0.0,0.0,0.0,0.0,0.0,0.0,1.0,0.0,0.0,0.0,0.0,0.0,-0.5538929381563792,1.01921532243584,1.00623601534654,0.753076989125889,0.4498142962541044
2024-10-19,1.15291083474576,0.0,0.0,0.0,0.0,1.0,0.0,0.0,0.0,0.0,0.0,0.0,0.0,0.0,0.0,1.0,0.0,0.0,0.0,0.0,0.0,-0.5681328088136672,0.970155581359819,0.726817089068061,0.969968118900444,0.4709790558959576
2024-10-20,1.25690763981732,0.0,0.0,0.0,0.0,0.0,1.0,0.0,0.0,0.0,0.0,0.0,0.0,0.0,0.0,1.0,0.0,0.0,0.0,0.0,0.0,-0.5822045598324478,0.65560054312651,0.624340313116146,1.00623601534654,0.4823802158360476
2024-10-21,1.08140761026311,0.0,0.0,0.0,0.0,0.0,0.0,0.0,0.0,0.0,0.0,0.0,0.0,0.0,0.0,1.0,0.0,0.0,0.0,0.0,0.0,-0.5961040271552034,1.2015338542041,0.82815667979484,0.726817089068061,0.4849976527754976
2024-10-22,1.02680531655056,1.0,0.0,0.0,0.0,0.0,0.0,0.0,0.0,0.0,0.0,0.0,0.0,0.0,0.0,1.0,0.0,0.0,0.0,0.0,0.0,-0.6098270977059321,0.938785146428337,1.01921532243584,0.624340313116146,0.48984644247183323
2024-10-23,1.00169653003563,0.0,1.0,0.0,0.0,0.0,0.0,0.0,0.0,0.0,0.0,0.0,0.0,0.0,0.0,1.0,0.0,0.0,0.0,0.0,0.0,-0.6233697106072765,1.15291083474576,0.970155581359819,0.82815667979484,0.4979600373993322
2024-10-24,0.712518637942361,0.0,0.0,1.0,0.0,0.0,0.0,0.0,0.0,0.0,0.0,0.0,0.0,0.0,0.0,1.0,0.0,0.0,0.0,0.0,0.0,-0.6367278583821979,1.25690763981732,0.65560054312651,1.01921532243584,0.5095727084767945
2024-10-25,0.586518573295942,0.0,0.0,0.0,1.0,0.0,0.0,0.0,0.0,0.0,0.0,0.0,0.0,0.0,0.0,1.0,0.0,0.0,0.0,0.0,0.0,-0.6498975881398565,1.08140761026311,1.2015338542041,0.970155581359819,0.5233281394852378
2024-10-26,0.33167982666079,0.0,0.0,0.0,0.0,1.0,0.0,0.0,0.0,0.0,0.0,0.0,0.0,0.0,0.0,1.0,0.0,0.0,0.0,0.0,0.0,-0.6628750027453377,1.02680531655056,0.938785146428337,0.65560054312651,0.5233281394852378
2024-10-27,0.536547377990755,0.0,0.0,0.0,0.0,0.0,1.0,0.0,0.0,0.0,0.0,0.0,0.0,0.0,0.0,1.0,0.0,0.0,0.0,0.0,0.0,-0.6756562619728733,1.00169653003563,1.15291083474576,1.2015338542041,0.541290374701066
2024-10-28,0.992603901611706,0.0,0.0,0.0,0.0,0.0,0.0,0.0,0.0,0.0,0.0,0.0,0.0,0.0,0.0,1.0,0.0,0.0,0.0,0.0,0.0,-0.6882375836422284,0.712518637942361,1.25690763981732,0.938785146428337,0.5649013533496424
2024-10-29,1.10003950714731,1.0,0.0,0.0,0.0,0.0,0.0,0.0,0.0,0.0,0.0,0.0,0.0,0.0,0.0,1.0,0.0,0.0,0.0,0.0,0.0,-0.7006152447379046,0.586518573295942,1.08140761026311,1.15291083474576,0.5837801421569978
2024-10-30,1.03780519774757,0.0,1.0,0.0,0.0,0.0,0.0,0.0,0.0,0.0,0.0,0.0,0.0,0.0,0.0,1.0,0.0,0.0,0.0,0.0,0.0,-0.7127855825108473,0.33167982666079,1.02680531655056,1.25690763981732,0.5936099197990886
2024-10-31,1.13916642578834,0.0,0.0,1.0,0.0,0.0,0.0,0.0,0.0,0.0,0.0,0.0,0.0,0.0,0.0,1.0,0.0,0.0,0.0,0.0,0.0,-0.7247449955623079,0.536547377990755,1.00169653003563,1.08140761026311,0.5936099197990886
2024-11-01,0.685146954219665,0.0,0.0,0.0,1.0,0.0,0.0,0.0,0.0,0.0,0.0,0.0,0.0,0.0,0.0,0.0,1.0,0.0,0.0,0.0,0.0,-0.736489944909557,0.992603901611706,0.712518637942361,1.02680531655056,0.6019234199998554
2024-11-02,0.436425443631997,0.0,0.0,0.0,0.0,1.0,0.0,0.0,0.0,0.0,0.0,0.0,0.0,0.0,0.0,0.0,1.0,0.0,0.0,0.0,0.0,-0.7480169550331222,1.10003950714731,0.586518573295942,1.00169653003563,0.6109765065724151
2024-11-03,0.657123472716033,0.0,0.0,0.0,0.0,0.0,1.0,0.0,0.0,0.0,0.0,0.0,0.0,0.0,0.0,0.0,1.0,0.0,0.0,0.0,0.0,-0.7593226149052588,1.03780519774757,0.33167982666079,0.712518637942361,0.614720996367444
2024-11-04,0.799767400096756,0.0,0.0,0.0,0.0,0.0,0.0,0.0,0.0,0.0,0.0,0.0,0.0,0.0,0.0,0.0,1.0,0.0,0.0,0.0,0.0,-0.7704035789993177,1.13916642578834,0.536547377990755,0.586518573295942,0.614720996367444
2024-11-05,0.616337429162865,1.0,0.0,0.0,0.0,0.0,0.0,0.0,0.0,0.0,0.0,0.0,0.0,0.0,0.0,0.0,1.0,0.0,0.0,0.0,0.0,-0.7812565682797488,0.685146954219665,0.992603901611706,0.33167982666079,0.614720996367444
2024-11-06,0.741133902822174,0.0,1.0,0.0,0.0,0.0,0.0,0.0,0.0,0.0,0.0,0.0,0.0,0.0,0.0,0.0,1.0,0.0,0.0,0.0,0.0,-0.7918783711724176,0.436425443631997,1.10003950714731,0.536547377990755,0.6072380700500094
2024-11-07,0.85320087175131,0.0,0.0,1.0,0.0,0.0,0.0,0.0,0.0,0.0,0.0,0.0,0.0,0.0,0.0,0.0,1.0,0.0,0.0,0.0,0.0,-0.8022658445149573,0.657123472716033,1.03780519774757,0.992603901611706,0.6072380700500094
2024-11-08,0.58026836955475,0.0,0.0,0.0,1.0,0.0,0.0,0.0,0.0,0.0,0.0,0.0,0.0,0.0,0.0,0.0,1.0,0.0,0.0,0.0,0.0,-0.81241591448689,0.799767400096756,1.13916642578834,1.10003950714731,0.6072380700500094
2024-11-09,0.582941674760297,0.0,0.0,0.0,0.0,1.0,0.0,0.0,0.0,0.0,0.0,0.0,0.0,0.0,0.0,0.0,1.0,0.0,0.0,0.0,0.0,-0.8223255775192096,0.616337429162865,0.685146954219665,1.03780519774757,0.6074394598116024
2024-11-10,0.508785593493671,0.0,0.0,0.0,0.0,0.0,1.0,0.0,0.0,0.0,0.0,0.0,0.0,0.0,0.0,0.0,1.0,0.0,0.0,0.0,0.0,-0.831991901183195,0.741133902822174,0.436425443631997,1.13916642578834,0.6074394598116024
2024-11-11,1.00715177569806,0.0,0.0,0.0,0.0,0.0,0.0,0.0,0.0,0.0,0.0,0.0,0.0,0.0,0.0,0.0,1.0,0.0,0.0,0.0,0.0,-0.8414120250581577,0.85320087175131,0.657123472716033,0.685146954219665,0.6074394598116024
2024-11-12,1.35813967085015,1.0,0.0,0.0,0.0,0.0,0.0,0.0,0.0,0.0,0.0,0.0,0.0,0.0,0.0,0.0,1.0,0.0,0.0,0.0,0.0,-0.8505831615778889,0.58026836955475,0.799767400096756,0.436425443631997,0.6074394598116024
2024-11-13,0.710263400457538,0.0,1.0,0.0,0.0,0.0,0.0,0.0,0.0,0.0,0.0,0.0,0.0,0.0,0.0,0.0,1.0,0.0,0.0,0.0,0.0,-0.8595025968555411,0.582941674760297,0.616337429162865,0.657123472716033,0.6205462903530901
2024-11-14,0.61474929232799,0.0,0.0,1.0,0.0,0.0,0.0,0.0,0.0,0.0,0.0,0.0,0.0,0.0,0.0,0.0,1.0,0.0,0.0,0.0,0.0,-0.8681676914867166,0.508785593493671,0.741133902822174,0.799767400096756,0.6205462903530901
2024-11-15,0.909540201234779,0.0,0.0,0.0,1.0,0.0,0.0,0.0,0.0,0.0,0.0,0.0,0.0,0.0,0.0,0.0,1.0,0.0,0.0,0.0,0.0,-0.876575881330507,1.00715177569806,0.85320087175131,0.616337429162865,0.6157445599811214
2024-11-16,0.610388377755286,0.0,0.0,0.0,0.0,1.0,0.0,0.0,0.0,0.0,0.0,0.0,0.0,0.0,0.0,0.0,1.0,0.0,0.0,0.0,0.0,-0.8847246782682611,1.35813967085015,0.58026836955475,0.741133902822174,0.6157445599811214
2024-11-17,0.553625035041785,0.0,0.0,0.0,0.0,0.0,1.0,0.0,0.0,0.0,0.0,0.0,0.0,0.0,0.0,0.0,1.0,0.0,0.0,0.0,0.0,-0.8926116709398649,0.710263400457538,0.582941674760297,0.85320087175131,0.6157445599811214
2024-11-18,1.14411993333505,0.0,0.0,0.0,0.0,0.0,0.0,0.0,0.0,0.0,0.0,0.0,0.0,0.0,0.0,0.0,1.0,0.0,0.0,0.0,0.0,-0.9002345254572961,0.61474929232799,0.508785593493671,0.58026836955475,0.6157445599811214
2024-11-19,1.09445080842545,1.0,0.0,0.0,0.0,0.0,0.0,0.0,0.0,0.0,0.0,0.0,0.0,0.0,0.0,0.0,1.0,0.0,0.0,0.0,0.0,-0.9075909860952637,0.909540201234779,1.00715177569806,0.582941674760297,0.6157445599811214
2024-11-20,1.40606784127764,0.0,1.0,0.0,0.0,0.0,0.0,0.0,0.0,0.0,0.0,0.0,0.0,0.0,0.0,0.0,1.0,0.0,0.0,0.0,0.0,-0.9146788759587107,0.610388377755286,1.35813967085015,0.508785593493671,0.6035205830434804
2024-11-21,0.875426968452119,0.0,0.0,1.0,0.0,0.0,0.0,0.0,0.0,0.0,0.0,0.0,0.0,0.0,0.0,0.0,1.0,0.0,0.0,0.0,0.0,-0.9214960976269942,0.553625035041785,0.710263400457538,1.00715177569806,0.6035205830434804
2024-11-22,0.902601408353126,0.0,0.0,0.0,1.0,0.0,0.0,0.0,0.0,0.0,0.0,0.0,0.0,0.0,0.0,0.0,1.0,0.0,0.0,0.0,0.0,-0.9280406337745426,1.14411993333505,0.61474929232799,1.35813967085015,0.6035205830434804
2024-11-23,0.767428731833045,0.0,0.0,0.0,0.0,1.0,0.0,0.0,0.0,0.0,0.0,0.0,0.0,0.0,0.0,0.0,1.0,0.0,0.0,0.0,0.0,-0.9343105477678196,1.09445080842545,0.909540201234779,0.710263400457538,0.6035205830434804
2024-11-24,1.84737543917736,0.0,0.0,0.0,0.0,0.0,1.0,0.0,0.0,0.0,0.0,0.0,0.0,0.0,0.0,0.0,1.0,0.0,0.0,0.0,1.0,-0.9403039842384003,1.40606784127764,0.610388377755286,0.61474929232799,0.6034570047151708
2024-11-25,2.15944539762044,0.0,0.0,0.0,0.0,0.0,0.0,0.0,0.0,0.0,0.0,0.0,0.0,0.0,0.0,0.0,1.0,0.0,0.0,0.0,1.0,-0.9460191696320084,0.875426968452119,0.553625035041785,0.909540201234779,0.6034570047151708
2024-11-26,1.60648083474151,1.0,0.0,0.0,0.0,0.0,0.0,0.0,0.0,0.0,0.0,0.0,0.0,0.0,0.0,0.0,1.0,0.0,0.0,0.0,0.0,-0.9514544127333381,0.902601408353126,1.14411993333505,0.610388377755286,0.6008404559715484
2024-11-27,1.47793047474602,0.0,1.0,0.0,0.0,0.0,0.0,0.0,0.0,0.0,0.0,0.0,0.0,0.0,0.0,0.0,1.0,0.0,0.0,0.0,0.0,-0.9566081051665098,0.767428731833045,1.09445080842545,0.553625035041785,0.5850878138816841
2024-11-28,0.739837390137271,0.0,0.0,1.0,0.0,0.0,0.0,0.0,0.0,0.0,0.0,0.0,0.0,0.0,0.0,0.0,1.0,0.0,0.0,0.0,0.0,-0.9614787218710188,1.84737543917736,1.40606784127764,1.14411993333505,0.5850878138816841
2024-11-29,0.920861338508931,0.0,0.0,0.0,1.0,0.0,0.0,0.0,0.0,0.0,0.0,0.0,0.0,0.0,0.0,0.0,1.0,0.0,0.0,0.0,0.0,-0.9660648215530205,2.15944539762044,0.875426968452119,1.09445080842545,0.5850878138816841
2024-11-30,0.964928019127888,0.0,0.0,0.0,0.0,1.0,0.0,0.0,0.0,0.0,0.0,0.0,0.0,0.0,0.0,0.0,1.0,0.0,0.0,0.0,0.0,-0.9703650471118362,1.60648083474151,0.902601408353126,1.40606784127764,0.5850878138816841
2024-12-01,1.07159143650039,0.0,0.0,0.0,0.0,0.0,1.0,0.0,0.0,0.0,0.0,0.0,0.0,0.0,0.0,0.0,0.0,1.0,0.0,0.0,0.0,-0.9743781260415392,1.47793047474602,0.767428731833045,0.875426968452119,0.6008404559715484
2024-12-02,1.95464528812839,0.0,0.0,0.0,0.0,0.0,0.0,0.0,0.0,0.0,0.0,0.0,0.0,0.0,0.0,0.0,0.0,1.0,0.0,0.0,1.0,-0.9781028708075101,0.739837390137271,1.84737543917736,0.902601408353126,0.6008404559715484
2024-12-03,1.88115633764494,1.0,0.0,0.0,0.0,0.0,0.0,0.0,0.0,0.0,0.0,0.0,0.0,0.0,0.0,0.0,0.0,1.0,0.0,0.0,0.0,-0.9815381791978468,0.920861338508931,2.15944539762044,0.767428731833045,0.6130049264989084
2024-12-04,1.14254560492259,0.0,1.0,0.0,0.0,0.0,0.0,0.0,0.0,0.0,0.0,0.0,0.0,0.0,0.0,0.0,0.0,1.0,0.0,0.0,0.0,-0.984683034649528,0.964928019127888,1.60648083474151,1.84737543917736,0.6157021744289151
2024-12-05,1.1175239991892,0.0,0.0,1.0,0.0,0.0,0.0,0.0,0.0,0.0,0.0,0.0,0.0,0.0,0.0,0.0,0.0,1.0,0.0,0.0,0.0,-0.9875365065492301,1.07159143650039,1.47793047474602,2.15944539762044,0.6157021744289151
2024-12-06,0.770001587065145,0.0,0.0,0.0,1.0,0.0,0.0,0.0,0.0,0.0,0.0,0.0,0.0,0.0,0.0,0.0,0.0,1.0,0.0,0.0,0.0,-0.9900977505087093,1.95464528812839,0.739837390137271,1.60648083474151,0.6157021744289151
2024-12-07,0.828017908764827,0.0,0.0,0.0,0.0,1.0,0.0,0.0,0.0,0.0,0.0,0.0,0.0,0.0,0.0,0.0,0.0,1.0,0.0,0.0,0.0,-0.9923660086146721,1.88115633764494,0.920861338508931,1.47793047474602,0.6157021744289151
2024-12-08,0.883047214936047,0.0,0.0,0.0,0.0,0.0,1.0,0.0,0.0,0.0,0.0,0.0,0.0,0.0,0.0,0.0,0.0,1.0,0.0,0.0,0.0,-0.9943406096530518,1.14254560492259,0.964928019127888,0.739837390137271,0.6157021744289151
2024-12-09,0.916555298070055,0.0,0.0,0.0,0.0,0.0,0.0,0.0,0.0,0.0,0.0,0.0,0.0,0.0,0.0,0.0,0.0,1.0,0.0,0.0,0.0,-0.9960209693076331,1.1175239991892,1.07159143650039,0.920861338508931,0.6157021744289151
2024-12-10,0.630854630578642,1.0,0.0,0.0,0.0,0.0,0.0,0.0,0.0,0.0,0.0,0.0,0.0,0.0,0.0,0.0,0.0,1.0,0.0,0.0,0.0,-0.9974065903329596,0.770001587065145,1.95464528812839,0.964928019127888,0.6157021744289151
2024-12-11,1.06948864522411,0.0,1.0,0.0,0.0,0.0,0.0,0.0,0.0,0.0,0.0,0.0,0.0,0.0,0.0,0.0,0.0,1.0,0.0,0.0,0.0,-0.9984970627014779,0.828017908764827,1.88115633764494,1.07159143650039,0.6157021744289151
2024-12-12,0.905673328736564,0.0,0.0,1.0,0.0,0.0,0.0,0.0,0.0,0.0,0.0,0.0,0.0,0.0,0.0,0.0,0.0,1.0,0.0,0.0,0.0,-0.9992920637248696,0.883047214936047,1.14254560492259,1.95464528812839,0.6157021744289151
2024-12-13,0.698503423250768,0.0,0.0,0.0,1.0,0.0,0.0,0.0,0.0,0.0,0.0,0.0,0.0,0.0,0.0,0.0,0.0,1.0,0.0,0.0,0.0,-0.9997913581495419,0.916555298070055,1.1175239991892,1.88115633764494,0.6157021744289151
2024-12-14,0.72669396354236,0.0,0.0,0.0,0.0,1.0,0.0,0.0,0.0,0.0,0.0,0.0,0.0,0.0,0.0,0.0,0.0,1.0,0.0,0.0,0.0,-0.9999947982262414,0.630854630578642,0.770001587065145,1.14254560492259,0.6157021744289151
2024-12-15,0.82304311065551,0.0,0.0,0.0,0.0,0.0,1.0,0.0,0.0,0.0,0.0,0.0,0.0,0.0,0.0,0.0,0.0,1.0,0.0,0.0,0.0,-0.9999023237537765,1.06948864522411,0.828017908764827,1.1175239991892,0.6157021744289151
2024-12-16,1.31212114697338,0.0,0.0,0.0,0.0,0.0,0.0,0.0,0.0,0.0,0.0,0.0,0.0,0.0,0.0,0.0,0.0,1.0,0.0,0.0,0.0,-0.9995139620968313,0.905673328736564,0.883047214936047,0.770001587065145,0.6157021744289151
2024-12-17,0.837051056864834,1.0,0.0,0.0,0.0,0.0,0.0,0.0,0.0,0.0,0.0,0.0,0.0,0.0,0.0,0.0,0.0,1.0,0.0,0.0,0.0,-0.9988298281778684,0.698503423250768,0.916555298070055,0.828017908764827,0.6157021744289151
2024-12-18,1.29072598635937,0.0,1.0,0.0,0.0,0.0,0.0,0.0,0.0,0.0,0.0,0.0,0.0,0.0,0.0,0.0,0.0,1.0,0.0,0.0,0.0,-0.9978501244431208,0.72669396354236,0.630854630578642,0.883047214936047,0.6157021744289151
2024-12-19,1.17108317107606,0.0,0.0,1.0,0.0,0.0,0.0,0.0,0.0,0.0,0.0,0.0,0.0,0.0,0.0,0.0,0.0,1.0,0.0,0.0,0.0,-0.996575140802686,0.82304311065551,1.06948864522411,0.916555298070055,0.6157021744289151
2024-12-20,1.24980829814616,0.0,0.0,0.0,1.0,0.0,0.0,0.0,0.0,0.0,0.0,0.0,0.0,0.0,0.0,0.0,0.0,1.0,0.0,0.0,0.0,-0.9950052545447352,1.31212114697338,0.905673328736564,0.630854630578642,0.6157021744289151
2024-12-21,0.846086764633833,0.0,0.0,0.0,0.0,1.0,0.0,0.0,0.0,0.0,0.0,0.0,0.0,0.0,0.0,0.0,0.0,1.0,0.0,0.0,0.0,-0.9931409302238695,0.837051056864834,0.698503423250768,1.06948864522411,0.6157021744289151
2024-12-22,0.776831797294877,0.0,0.0,0.0,0.0,0.0,1.0,0.0,0.0,0.0,0.0,0.0,0.0,0.0,0.0,0.0,0.0,1.0,0.0,0.0,0.0,-0.9909827195236492,1.29072598635937,0.72669396354236,0.905673328736564,0.6157021744289151
2024-12-23,1.42432571321228,0.0,0.0,0.0,0.0,0.0,0.0,0.0,0.0,0.0,0.0,0.0,0.0,0.0,0.0,0.0,0.0,1.0,0.0,0.0,0.0,-0.9885312610933433,1.17108317107606,0.82304311065551,0.698503423250768,0.6250477500123313
2024-12-24,0.748640669728524,1.0,0.0,0.0,0.0,0.0,0.0,0.0,0.0,0.0,0.0,0.0,0.0,0.0,0.0,0.0,0.0,1.0,0.0,0.0,0.0,-0.9857872803589411,1.24980829814616,1.31212114697338,0.72669396354236,0.6466159358610767
2024-12-25,0.254781627982112,0.0,1.0,0.0,0.0,0.0,0.0,0.0,0.0,0.0,0.0,0.0,0.0,0.0,0.0,0.0,0.0,1.0,1.0,0.0,0.0,-0.9827515893084885,0.846086764633833,0.837051056864834,0.82304311065551,0.6739375616182123
2024-12-26,0.426873012648854,0.0,0.0,1.0,0.0,0.0,0.0,0.0,0.0,0.0,0.0,0.0,0.0,0.0,0.0,0.0,0.0,1.0,1.0,0.0,0.0,-0.9794250862518065,0.776831797294877,1.29072598635937,1.31212114697338,0.6739375616182123
2024-12-27,0.794449989160057,0.0,0.0,0.0,1.0,0.0,0.0,0.0,0.0,0.0,0.0,0.0,0.0,0.0,0.0,0.0,0.0,1.0,0.0,1.0,0.0,-0.9758087555546684,1.42432571321228,1.17108317107606,0.837051056864834,0.6739375616182123
2024-12-28,1.11192725039231,0.0,0.0,0.0,0.0,1.0,0.0,0.0,0.0,0.0,0.0,0.0,0.0,0.0,0.0,0.0,0.0,1.0,0.0,0.0,0.0,-0.9719036673475081,0.748640669728524,1.24980829814616,1.29072598635937,0.6739375616182123
2024-12-29,1.42296853049794,0.0,0.0,0.0,0.0,0.0,1.0,0.0,0.0,0.0,0.0,0.0,0.0,0.0,0.0,0.0,0.0,1.0,0.0,0.0,0.0,-0.9677109772087535,0.254781627982112,0.846086764633833,1.17108317107606,0.6739375616182123
2024-12-30,1.26908170379587,0.0,0.0,0.0,0.0,0.0,0.0,0.0,0.0,0.0,0.0,0.0,0.0,0.0,0.0,0.0,0.0,1.0,0.0,0.0,0.0,-0.9632319258228705,0.426873012648854,0.776831797294877,1.24980829814616,0.681951443036874
2024-12-31,1.76365366063325,1.0,0.0,0.0,0.0,0.0,0.0,0.0,0.0,0.0,0.0,0.0,0.0,0.0,0.0,0.0,0.0,1.0,0.0,0.0,0.0,-0.9584678386132249,0.794449989160057,1.42432571321228,0.846086764633833,0.70555940957483
2025-01-01,1.16128920243667,0.0,1.0,0.0,0.0,0.0,0.0,0.0,0.0,0.0,0.0,0.0,0.0,0.0,0.0,0.0,0.0,0.0,1.0,0.0,0.0,-0.953420125349868,1.11192725039231,0.748640669728524,0.776831797294877,0.7201217383084313
2025-01-02,0.883413028007668,0.0,0.0,1.0,0.0,0.0,0.0,0.0,0.0,0.0,0.0,0.0,0.0,0.0,0.0,0.0,0.0,0.0,0.0,1.0,0.0,-0.9480902797323661,1.42296853049794,0.254781627982112,1.42432571321228,0.7201217383084313
2025-01-03,1.46717038676769,0.0,0.0,0.0,1.0,0.0,0.0,0.0,0.0,0.0,0.0,0.0,0.0,0.0,0.0,0.0,0.0,0.0,0.0,0.0,0.0,-0.9424798789477857,1.26908170379587,0.426873012648854,0.748640669728524,0.7345800194993066
2025-01-04,1.17260793838248,0.0,0.0,0.0,0.0,1.0,0.0,0.0,0.0,0.0,0.0,0.0,0.0,0.0,0.0,0.0,0.0,0.0,0.0,0.0,0.0,-0.936590583203982,1.76365366063325,0.794449989160057,0.254781627982112,0.7201217383084313
2025-01-05,1.56914849322775,0.0,0.0,0.0,0.0,0.0,1.0,0.0,0.0,0.0,0.0,0.0,0.0,0.0,0.0,0.0,0.0,0.0,0.0,0.0,0.0,-0.9304241352383129,1.16128920243667,1.11192725039231,0.426873012648854,0.70555940957483
2025-01-06,1.40036993781099,0.0,0.0,0.0,0.0,0.0,0.0,0.0,0.0,0.0,0.0,0.0,0.0,0.0,0.0,0.0,0.0,0.0,0.0,0.0,0.0,-0.9239823598019431,0.883413028007668,1.42296853049794,0.794449989160057,0.7201217383084313
2025-01-07,2.17354479472523,1.0,0.0,0.0,0.0,0.0,0.0,0.0,0.0,0.0,0.0,0.0,0.0,0.0,0.0,0.0,0.0,0.0,0.0,0.0,1.0,-0.9172671631198612,1.46717038676769,1.26908170379587,1.11192725039231,0.7345800194993066
2025-01-08,1.62180213618756,0.0,1.0,0.0,0.0,0.0,0.0,0.0,0.0,0.0,0.0,0.0,0.0,0.0,0.0,0.0,0.0,0.0,0.0,0.0,0.0,-0.9102805323268018,1.17260793838248,1.76365366063325,1.42296853049794,0.7451193578920229
2025-01-09,1.25296057454126,0.0,0.0,1.0,0.0,0.0,0.0,0.0,0.0,0.0,0.0,0.0,0.0,0.0,0.0,0.0,0.0,0.0,0.0,0.0,0.0,-0.9030245348792221,1.56914849322775,1.16128920243667,1.26908170379587,0.7451193578920229
2025-01-10,0.665118832734618,0.0,0.0,0.0,1.0,0.0,0.0,0.0,0.0,0.0,0.0,0.0,0.0,0.0,0.0,0.0,0.0,0.0,0.0,0.0,0.0,-0.895501317943504,1.40036993781099,0.883413028007668,1.76365366063325,0.7451193578920229
2025-01-11,1.0303888140116,0.0,0.0,0.0,0.0,1.0,0.0,0.0,0.0,0.0,0.0,0.0,0.0,0.0,0.0,0.0,0.0,0.0,0.0,0.0,0.0,-0.8877131077605754,2.17354479472523,1.46717038676769,1.16128920243667,0.7599135069912367
2025-01-12,0.98236202849976,0.0,0.0,0.0,0.0,0.0,1.0,0.0,0.0,0.0,0.0,0.0,0.0,0.0,0.0,0.0,0.0,0.0,0.0,0.0,0.0,-0.8796622089871292,1.62180213618756,1.17260793838248,0.883413028007668,0.768972444972305
2025-01-13,1.34870633662448,0.0,0.0,0.0,0.0,0.0,0.0,0.0,0.0,0.0,0.0,0.0,0.0,0.0,0.0,0.0,0.0,0.0,0.0,0.0,0.0,-0.8713510040136405,1.25296057454126,1.56914849322775,1.46717038676769,0.768972444972305
2025-01-14,1.19911413608532,1.0,0.0,0.0,0.0,0.0,0.0,0.0,0.0,0.0,0.0,0.0,0.0,0.0,0.0,0.0,0.0,0.0,0.0,0.0,0.0,-0.8627819522593745,0.665118832734618,1.40036993781099,1.17260793838248,0.7740997132029842
2025-01-15,1.47944123172399,0.0,1.0,0.0,0.0,0.0,0.0,0.0,0.0,0.0,0.0,0.0,0.0,0.0,0.0,0.0,0.0,0.0,0.0,0.0,0.0,-0.8539575894446081,1.0303888140116,2.17354479472523,1.56914849322775,0.7874027124139851
2025-01-16,1.70652251013654,0.0,0.0,1.0,0.0,0.0,0.0,0.0,0.0,0.0,0.0,0.0,0.0,0.0,0.0,0.0,0.0,0.0,0.0,0.0,1.0,-0.8448805268402667,0.98236202849976,1.62180213618756,1.40036993781099,0.7874027124139851
2025-01-17,1.28245080037302,0.0,0.0,0.0,1.0,0.0,0.0,0.0,0.0,0.0,0.0,0.0,0.0,0.0,0.0,0.0,0.0,0.0,0.0,0.0,0.0,-0.8355534504952145,1.34870633662448,1.25296057454126,2.17354479472523,0.7874027124139851
2025-01-18,0.502149079538246,0.0,0.0,0.0,0.0,1.0,0.0,0.0,0.0,0.0,0.0,0.0,0.0,0.0,0.0,0.0,0.0,0.0,0.0,0.0,0.0,-0.8259791204413983,1.19911413608532,0.665118832734618,1.62180213618756,0.7874027124139851
2025-01-19,0.896322782123164,0.0,0.0,0.0,0.0,0.0,1.0,0.0,0.0,0.0,0.0,0.0,0.0,0.0,0.0,0.0,0.0,0.0,0.0,0.0,0.0,-0.8161603698771164,1.47944123172399,1.0303888140116,1.25296057454126,0.7874027124139851
2025-01-20,1.05363757679788,0.0,0.0,0.0,0.0,0.0,0.0,0.0,0.0,0.0,0.0,0.0,0.0,0.0,0.0,0.0,0.0,0.0,0.0,0.0,0.0,-0.8061001043286311,1.70652251013654,0.98236202849976,0.665118832734618,0.7740997132029842
2025-01-21,1.20211519394121,1.0,0.0,0.0,0.0,0.0,0.0,0.0,0.0,0.0,0.0,0.0,0.0,0.0,0.0,0.0,0.0,0.0,0.0,0.0,0.0,-0.7958013007903715,1.28245080037302,1.34870633662448,1.0303888140116,0.7874027124139851
2025-01-22,1.46357589935757,0.0,1.0,0.0,0.0,0.0,0.0,0.0,0.0,0.0,0.0,0.0,0.0,0.0,0.0,0.0,0.0,0.0,0.0,0.0,0.0,-0.7852670068439961,0.502149079538246,1.19911413608532,0.98236202849976,0.7874027124139851
2025-01-23,1.25862262244267,0.0,0.0,1.0,0.0,0.0,0.0,0.0,0.0,0.0,0.0,0.0,0.0,0.0,0.0,0.0,0.0,0.0,0.0,0.0,0.0,-0.7745003397565632,0.896322782123164,1.47944123172399,1.34870633662448,0.7874027124139851
2025-01-24,1.05525787146575,0.0,0.0,0.0,1.0,0.0,0.0,0.0,0.0,0.0,0.0,0.0,0.0,0.0,0.0,0.0,0.0,0.0,0.0,0.0,0.0,-0.7635044855580851,1.05363757679788,1.70652251013654,1.19911413608532,0.7874027124139851
2025-01-25,0.874273484270464,0.0,0.0,0.0,0.0,1.0,0.0,0.0,0.0,0.0,0.0,0.0,0.0,0.0,0.0,0.0,0.0,0.0,0.0,0.0,0.0,-0.7522826980987245,1.20211519394121,1.28245080037302,1.47944123172399,0.7874027124139851
2025-01-26,0.646194434653183,0.0,0.0,0.0,0.0,0.0,1.0,0.0,0.0,0.0,0.0,0.0,0.0,0.0,0.0,0.0,0.0,0.0,0.0,0.0,0.0,-0.7408382980859317,1.46357589935757,0.502149079538246,1.70652251013654,0.8116058620573289
2025-01-27,0.829511242255884,0.0,0.0,0.0,0.0,0.0,0.0,0.0,0.0,0.0,0.0,0.0,0.0,0.0,0.0,0.0,0.0,0.0,0.0,0.0,0.0,-0.7291746721017919,1.25862262244267,0.896322782123164,1.28245080037302,0.8116058620573289
2025-01-28,0.983299307421768,1.0,0.0,0.0,0.0,0.0,0.0,0.0,0.0,0.0,0.0,0.0,0.0,0.0,0.0,0.0,0.0,0.0,0.0,0.0,0.0,-0.717295271600886,1.05525787146575,1.05363757679788,0.502149079538246,0.7874027124139851
2025-01-29,1.31366393366587,0.0,1.0,0.0,0.0,0.0,0.0,0.0,0.0,0.0,0.0,0.0,0.0,0.0,0.0,0.0,0.0,0.0,0.0,0.0,0.0,-0.7052036118889422,0.874273484270464,1.20211519394121,0.896322782123164,0.7874027124139851
2025-01-30,1.19900997320497,0.0,0.0,1.0,0.0,0.0,0.0,0.0,0.0,0.0,0.0,0.0,0.0,0.0,0.0,0.0,0.0,0.0,0.0,0.0,0.0,-0.6929032710826029,0.646194434653183,1.46357589935757,1.05363757679788,0.7874027124139851
2025-01-31,2.17851224447806,0.0,0.0,0.0,1.0,0.0,0.0,0.0,0.0,0.0,0.0,0.0,0.0,0.0,0.0,0.0,0.0,0.0,0.0,0.0,1.0,-0.6803978890506109,0.829511242255884,1.25862262244267,1.20211519394121,0.7874027124139851
2025-02-01,1.1855034919574,0.0,0.0,0.0,0.0,1.0,0.0,1.0,0.0,0.0,0.0,0.0,0.0,0.0,0.0,0.0,0.0,0.0,0.0,0.0,0.0,-0.6676911663366996,0.983299307421768,1.05525787146575,1.46357589935757,0.7874027124139851
2025-02-02,1.56898927356517,0.0,0.0,0.0,0.0,0.0,1.0,1.0,0.0,0.0,0.0,0.0,0.0,0.0,0.0,0.0,0.0,0.0,0.0,0.0,0.0,-0.6547868630645511,1.31366393366587,0.874273484270464,1.25862262244267,0.7874027124139851
2025-02-03,1.08463620828078,0.0,0.0,0.0,0.0,0.0,0.0,1.0,0.0,0.0,0.0,0.0,0.0,0.0,0.0,0.0,0.0,0.0,0.0,0.0,0.0,-0.641688797825113,1.19900997320497,0.646194434653183,1.05525787146575,0.8116058620573289
2025-02-04,1.58807867810769,1.0,0.0,0.0,0.0,0.0,0.0,1.0,0.0,0.0,0.0,0.0,0.0,0.0,0.0,0.0,0.0,0.0,0.0,0.0,0.0,-0.6284008465466198,2.17851224447806,0.829511242255884,0.874273484270464,0.8116058620573289
2025-02-05,1.2271411880195,0.0,1.0,0.0,0.0,0.0,0.0,1.0,0.0,0.0,0.0,0.0,0.0,0.0,0.0,0.0,0.0,0.0,0.0,0.0,0.0,-0.6149269413476359,1.1855034919574,0.983299307421768,0.646194434653183,0.7874027124139851
2025-02-06,0.763082142604817,0.0,0.0,1.0,0.0,0.0,0.0,1.0,0.0,0.0,0.0,0.0,0.0,0.0,0.0,0.0,0.0,0.0,0.0,0.0,0.0,-0.6012710693734842,1.56898927356517,1.31366393366587,0.829511242255884,0.7874027124139851
2025-02-07,1.23874385471229,0.0,0.0,0.0,1.0,0.0,0.0,1.0,0.0,0.0,0.0,0.0,0.0,0.0,0.0,0.0,0.0,0.0,0.0,0.0,0.0,-0.587437271616382,1.08463620828078,1.19900997320497,0.983299307421768,0.8116058620573289
2025-02-08,0.718279048540612,0.0,0.0,0.0,0.0,1.0,0.0,1.0,0.0,0.0,0.0,0.0,0.0,0.0,0.0,0.0,0.0,0.0,0.0,0.0,0.0,-0.5734296417196532,1.58807867810769,2.17851224447806,1.31366393366587,0.8116058620573289
2025-02-09,1.17597504464206,0.0,0.0,0.0,0.0,0.0,1.0,1.0,0.0,0.0,0.0,0.0,0.0,0.0,0.0,0.0,0.0,0.0,0.0,0.0,0.0,-0.5592523247663437,1.2271411880195,1.1855034919574,1.19900997320497,0.8116058620573289
2025-02-10,1.72234398175319,0.0,0.0,0.0,0.0,0.0,0.0,1.0,0.0,0.0,0.0,0.0,0.0,0.0,0.0,0.0,0.0,0.0,0.0,0.0,0.0,-0.544909516052628,0.763082142604817,1.56898927356517,2.17851224447806,0.8269239896157344
2025-02-11,1.52310761538531,1.0,0.0,0.0,0.0,0.0,0.0,1.0,0.0,0.0,0.0,0.0,0.0,0.0,0.0,0.0,0.0,0.0,0.0,0.0,0.0,-0.5304054598463659,1.23874385471229,1.08463620828078,1.1855034919574,0.834035131021254
2025-02-12,1.17365239242104,0.0,1.0,0.0,0.0,0.0,0.0,1.0,0.0,0.0,0.0,0.0,0.0,0.0,0.0,0.0,0.0,0.0,0.0,0.0,0.0,-0.5157444481311303,0.718279048540612,1.58807867810769,1.56898927356517,0.8424724815262334
2025-02-13,0.839406113008608,0.0,0.0,1.0,0.0,0.0,0.0,1.0,0.0,0.0,0.0,0.0,0.0,0.0,0.0,0.0,0.0,0.0,0.0,0.0,0.0,-0.5009308193361626,1.17597504464206,1.2271411880195,1.08463620828078,0.8424724815262334
2025-02-14,1.16561533752254,0.0,0.0,0.0,1.0,0.0,0.0,1.0,0.0,0.0,0.0,0.0,0.0,0.0,0.0,0.0,0.0,0.0,0.0,0.0,0.0,-0.48596895705254817,1.72234398175319,0.763082142604817,1.58807867810769,0.8629987964158117
2025-02-15,1.00284651271549,0.0,0.0,0.0,0.0,1.0,0.0,1.0,0.0,0.0,0.0,0.0,0.0,0.0,0.0,0.0,0.0,0.0,0.0,0.0,0.0,-0.4708632887360563,1.52310761538531,1.23874385471229,1.2271411880195,0.8629987964158117
2025-02-16,1.6839894528012,0.0,0.0,0.0,0.0,0.0,1.0,1.0,0.0,0.0,0.0,0.0,0.0,0.0,0.0,0.0,0.0,0.0,0.0,0.0,1.0,-0.4556182843969656,1.17365239242104,0.718279048540612,0.763082142604817,0.8394565556826534
2025-02-17,1.90310977144014,0.0,0.0,0.0,0.0,0.0,0.0,1.0,0.0,0.0,0.0,0.0,0.0,0.0,0.0,0.0,0.0,0.0,0.0,0.0,0.0,-0.4402384552773285,0.839406113008608,1.17597504464206,1.23874385471229,0.8394565556826534
2025-02-18,2.20391320609805,1.0,0.0,0.0,0.0,0.0,0.0,1.0,0.0,0.0,0.0,0.0,0.0,0.0,0.0,0.0,0.0,0.0,0.0,0.0,1.0,-0.4247283525160176,1.16561533752254,1.72234398175319,0.718279048540612,0.8154867410175533
2025-02-19,1.14502156677711,0.0,1.0,0.0,0.0,0.0,0.0,1.0,0.0,0.0,0.0,0.0,0.0,0.0,0.0,0.0,0.0,0.0,0.0,0.0,0.0,-0.40909256580197667,1.00284651271549,1.52310761538531,1.17597504464206,0.8563685874646321
2025-02-20,1.21432994618302,0.0,0.0,1.0,0.0,0.0,0.0,1.0,0.0,0.0,0.0,0.0,0.0,0.0,0.0,0.0,0.0,0.0,0.0,0.0,0.0,-0.39333572201604844,1.6839894528012,1.17365239242104,1.72234398175319,0.8563685874646321
2025-02-21,1.21061994714655,0.0,0.0,0.0,1.0,0.0,0.0,1.0,0.0,0.0,0.0,0.0,0.0,0.0,0.0,0.0,0.0,0.0,0.0,0.0,0.0,-0.3774624838618108,1.90310977144014,0.839406113008608,1.52310761538531,0.8797572105127864
2025-02-22,1.14737078268593,0.0,0.0,0.0,0.0,1.0,0.0,1.0,0.0,0.0,0.0,0.0,0.0,0.0,0.0,0.0,0.0,0.0,0.0,0.0,0.0,-0.36147754848581265,2.20391320609805,1.16561533752254,1.17365239242104,0.8911588804769656
2025-02-23,1.19111658375736,0.0,0.0,0.0,0.0,0.0,1.0,1.0,0.0,0.0,0.0,0.0,0.0,0.0,0.0,0.0,0.0,0.0,0.0,0.0,0.0,-0.345385646087603,1.14502156677711,1.00284651271549,0.839406113008608,0.8911588804769656
2025-02-24,1.07889762601271,0.0,0.0,0.0,0.0,0.0,0.0,1.0,0.0,0.0,0.0,0.0,0.0,0.0,0.0,0.0,0.0,0.0,0.0,0.0,0.0,-0.3291915385199954,1.21432994618302,1.6839894528012,1.16561533752254,0.9479463299491216
2025-02-25,1.90969714564075,1.0,0.0,0.0,0.0,0.0,0.0,1.0,0.0,0.0,0.0,0.0,0.0,0.0,0.0,0.0,0.0,0.0,0.0,0.0,0.0,-0.3129000178799537,1.21061994714655,1.90310977144014,1.00284651271549,0.9479463299491216
2025-02-26,1.61948211343762,0.0,1.0,0.0,0.0,0.0,0.0,1.0,0.0,0.0,0.0,0.0,0.0,0.0,0.0,0.0,0.0,0.0,0.0,0.0,0.0,-0.2965159050905475,1.14737078268593,2.20391320609805,1.6839894528012,0.9479463299491216
2025-02-27,1.38210071774377,0.0,0.0,1.0,0.0,0.0,0.0,1.0,0.0,0.0,0.0,0.0,0.0,0.0,0.0,0.0,0.0,0.0,0.0,0.0,0.0,-0.2800440484743445,1.19111658375736,1.14502156677711,1.90310977144014,0.9479463299491216
2025-02-28,0.861302872664311,0.0,0.0,0.0,1.0,0.0,0.0,1.0,0.0,0.0,0.0,0.0,0.0,0.0,0.0,0.0,0.0,0.0,0.0,0.0,0.0,-0.26348932231871736,1.07889762601271,1.21432994618302,2.20391320609805,0.9479463299491216
2025-03-01,0.390511443976301,0.0,0.0,0.0,0.0,1.0,0.0,0.0,1.0,0.0,0.0,0.0,0.0,0.0,0.0,0.0,0.0,0.0,0.0,0.0,0.0,-0.2468566254334839,1.90969714564075,1.21061994714655,1.14502156677711,0.9479463299491216
2025-03-02,0.651544316271364,0.0,0.0,0.0,0.0,0.0,1.0,0.0,1.0,0.0,0.0,0.0,0.0,0.0,0.0,0.0,0.0,0.0,0.0,0.0,0.0,-0.23015087970124354,1.61948211343762,1.14737078268593,1.21432994618302,0.9829243958529648
2025-03-03,0.922894296134159,0.0,0.0,0.0,0.0,0.0,0.0,0.0,1.0,0.0,0.0,0.0,0.0,0.0,0.0,0.0,0.0,0.0,0.0,0.0,0.0,-0.21337702862092797,1.38210071774377,1.19111658375736,1.21061994714655,0.9829243958529648
2025-03-04,1.52356262424916,1.0,0.0,0.0,0.0,0.0,0.0,0.0,1.0,0.0,0.0,0.0,0.0,0.0,0.0,0.0,0.0,0.0,0.0,0.0,0.0,-0.19654003584493543,0.861302872664311,1.07889762601271,1.14737078268593,0.9829243958529648
2025-03-05,1.10415343640615,0.0,1.0,0.0,0.0,0.0,0.0,0.0,1.0,0.0,0.0,0.0,0.0,0.0,0.0,0.0,0.0,0.0,0.0,0.0,0.0,-0.179644883710313,0.390511443976301,1.90969714564075,1.19111658375736,0.9829243958529648
2025-03-06,0.623311405733586,0.0,0.0,1.0,0.0,0.0,0.0,0.0,1.0,0.0,0.0,0.0,0.0,0.0,0.0,0.0,0.0,0.0,0.0,0.0,0.0,-0.16269657176439242,0.651544316271364,1.61948211343762,1.07889762601271,0.9829243958529648
2025-03-07,0.571880925267062,0.0,0.0,0.0,1.0,0.0,0.0,0.0,1.0,0.0,0.0,0.0,0.0,0.0,0.0,0.0,0.0,0.0,0.0,0.0,0.0,-0.14570011528535065,0.922894296134159,1.38210071774377,1.90969714564075,0.9829243958529648
2025-03-08,0.420291461500737,0.0,0.0,0.0,0.0,1.0,0.0,0.0,1.0,0.0,0.0,0.0,0.0,0.0,0.0,0.0,0.0,0.0,0.0,0.0,0.0,-0.1286605437981047,1.52356262424916,0.861302872664311,1.61948211343762,0.9829243958529648
2025-03-09,0.566303138919253,0.0,0.0,0.0,0.0,0.0,1.0,0.0,1.0,0.0,0.0,0.0,0.0,0.0,0.0,0.0,0.0,0.0,0.0,0.0,0.0,-0.11158289958600157,1.10415343640615,0.390511443976301,1.38210071774377,0.9829243958529648
2025-03-10,1.05714618386951,0.0,0.0,0.0,0.0,0.0,0.0,0.0,1.0,0.0,0.0,0.0,0.0,0.0,0.0,0.0,0.0,0.0,0.0,0.0,0.0,-0.0944722361987147,0.623311405733586,0.651544316271364,0.861302872664311,0.9829243958529648
2025-03-11,0.693984981650321,1.0,0.0,0.0,0.0,0.0,0.0,0.0,1.0,0.0,0.0,0.0,0.0,0.0,0.0,0.0,0.0,0.0,0.0,0.0,0.0,-0.07733361695682096,0.571880925267062,0.922894296134159,0.390511443976301,0.9479463299491216
2025-03-12,1.0072654578398,0.0,1.0,0.0,0.0,0.0,0.0,0.0,1.0,0.0,0.0,0.0,0.0,0.0,0.0,0.0,0.0,0.0,0.0,0.0,0.0,-0.06017211345349499,0.420291461500737,1.52356262424916,0.651544316271364,0.887503062982084
2025-03-13,0.710004785050353,0.0,0.0,1.0,0.0,0.0,0.0,0.0,1.0,0.0,0.0,0.0,0.0,0.0,0.0,0.0,0.0,0.0,0.0,0.0,0.0,-0.04299280405372191,0.566303138919253,1.10415343640615,0.922894296134159,0.887503062982084
2025-03-14,0.88006782127988,0.0,0.0,0.0,1.0,0.0,0.0,0.0,1.0,0.0,0.0,0.0,0.0,0.0,0.0,0.0,0.0,0.0,0.0,0.0,0.0,-0.02580077239154163,1.05714618386951,0.623311405733586,1.52356262424916,0.887503062982084
2025-03-15,0.652266563714005,0.0,0.0,0.0,0.0,1.0,0.0,0.0,1.0,0.0,0.0,0.0,0.0,0.0,0.0,0.0,0.0,0.0,0.0,0.0,0.0,-0.008601105865714402,0.693984981650321,0.571880925267062,1.10415343640615,0.887503062982084
2025-03-16,0.519797808769436,0.0,0.0,0.0,0.0,0.0,1.0,0.0,1.0,0.0,0.0,0.0,0.0,0.0,0.0,0.0,0.0,0.0,0.0,0.0,0.0,0.0086011058657152,1.0072654578398,0.420291461500737,0.623311405733586,0.8690852396280029
2025-03-17,0.976296681257141,0.0,0.0,0.0,0.0,0.0,0.0,0.0,1.0,0.0,0.0,0.0,0.0,0.0,0.0,0.0,0.0,0.0,0.0,0.0,0.0,0.02580077239154065,0.710004785050353,0.566303138919253,0.571880925267062,0.8525441688020299
2025-03-18,0.896102172330549,1.0,0.0,0.0,0.0,0.0,0.0,0.0,1.0,0.0,0.0,0.0,0.0,0.0,0.0,0.0,0.0,0.0,0.0,0.0,0.0,0.04299280405372093,0.88006782127988,1.05714618386951,0.420291461500737,0.8525441688020299
2025-03-19,0.812353246303849,0.0,1.0,0.0,0.0,0.0,0.0,0.0,1.0,0.0,0.0,0.0,0.0,0.0,0.0,0.0,0.0,0.0,0.0,0.0,0.0,0.06017211345349579,0.652266563714005,0.693984981650321,0.566303138919253,0.8354481647075185
2025-03-20,0.586389439393302,0.0,0.0,1.0,0.0,0.0,0.0,0.0,1.0,0.0,0.0,0.0,0.0,0.0,0.0,0.0,0.0,0.0,0.0,0.0,0.0,0.07733361695682177,0.519797808769436,1.0072654578398,1.05714618386951,0.8354481647075185
2025-03-21,0.789182386826731,0.0,0.0,0.0,1.0,0.0,0.0,0.0,1.0,0.0,0.0,0.0,0.0,0.0,0.0,0.0,0.0,0.0,0.0,0.0,0.0,0.09447223619871195,0.976296681257141,0.710004785050353,0.693984981650321,0.8029396023954573
2025-03-22,0.510296029427793,0.0,0.0,0.0,0.0,1.0,0.0,0.0,1.0,0.0,0.0,0.0,0.0,0.0,0.0,0.0,0.0,0.0,0.0,0.0,0.0,0.1115828995860006,0.896102172330549,0.88006782127988,1.0072654578398,0.8029396023954573
2025-03-23,0.929968771226345,0.0,0.0,0.0,0.0,0.0,1.0,0.0,1.0,0.0,0.0,0.0,0.0,0.0,0.0,0.0,0.0,0.0,0.0,0.0,0.0,0.12866054379810374,0.812353246303849,0.652266563714005,0.710004785050353,0.745160904979135
2025-03-24,0.817050901720031,0.0,0.0,0.0,0.0,0.0,0.0,0.0,1.0,0.0,0.0,0.0,0.0,0.0,0.0,0.0,0.0,0.0,0.0,0.0,0.0,0.1457001152853479,0.586389439393302,0.519797808769436,0.88006782127988,0.745160904979135
2025-03-25,0.961574472324867,1.0,0.0,0.0,0.0,0.0,0.0,0.0,1.0,0.0,0.0,0.0,0.0,0.0,0.0,0.0,0.0,0.0,0.0,0.0,0.0,0.1626965717643897,0.789182386826731,0.976296681257141,0.652266563714005,0.7149693431445084
2025-03-26,0.685960563626499,0.0,1.0,0.0,0.0,0.0,0.0,0.0,1.0,0.0,0.0,0.0,0.0,0.0,0.0,0.0,0.0,0.0,0.0,0.0,0.0,0.17964488371031379,0.510296029427793,0.896102172330549,0.519797808769436,0.7149693431445084
2025-03-27,0.847251680570904,0.0,0.0,1.0,0.0,0.0,0.0,0.0,1.0,0.0,0.0,0.0,0.0,0.0,0.0,0.0,0.0,0.0,0.0,0.0,0.0,0.1965400358449362,0.929968771226345,0.812353246303849,0.976296681257141,0.7149693431445084
2025-03-28,0.838661239934857,0.0,0.0,0.0,1.0,0.0,0.0,0.0,1.0,0.0,0.0,0.0,0.0,0.0,0.0,0.0,0.0,0.0,0.0,0.0,0.0,0.213377028620927,0.817050901720031,0.586389439393302,0.896102172330549,0.7149693431445084
2025-03-29,0.67709542058266,0.0,0.0,0.0,0.0,1.0,0.0,0.0,1.0,0.0,0.0,0.0,0.0,0.0,0.0,0.0,0.0,0.0,0.0,0.0,0.0,0.2301508797012426,0.961574472324867,0.789182386826731,0.812353246303849,0.7149693431445084
2025-03-30,0.51327202051403,0.0,0.0,0.0,0.0,0.0,1.0,0.0,1.0,0.0,0.0,0.0,0.0,0.0,0.0,0.0,0.0,0.0,0.0,0.0,0.0,0.2468566254334847,0.685960563626499,0.510296029427793,0.586389439393302,0.7035968636903402
2025-03-31,0.820708990887475,0.0,0.0,0.0,0.0,0.0,0.0,0.0,1.0,0.0,0.0,0.0,0.0,0.0,0.0,0.0,0.0,0.0,0.0,0.0,0.0,0.26348932231871813,0.847251680570904,0.929968771226345,0.789182386826731,0.7035968636903402
2025-04-01,0.863399837209102,1.0,0.0,0.0,0.0,0.0,0.0,0.0,0.0,1.0,0.0,0.0,0.0,0.0,0.0,0.0,0.0,0.0,0.0,0.0,0.0,0.28004404847434183,0.838661239934857,0.817050901720031,0.510296029427793,0.6772976144757946
2025-04-02,0.691439968717379,0.0,1.0,0.0,0.0,0.0,0.0,0.0,0.0,1.0,0.0,0.0,0.0,0.0,0.0,0.0,0.0,0.0,0.0,0.0,0.0,0.29651590509054826,0.67709542058266,0.961574472324867,0.929968771226345,0.6772976144757946
2025-04-03,0.776003259154194,0.0,0.0,1.0,0.0,0.0,0.0,0.0,0.0,1.0,0.0,0.0,0.0,0.0,0.0,0.0,0.0,0.0,0.0,0.0,0.0,0.3129000178799544,0.51327202051403,0.685960563626499,0.817050901720031,0.6772976144757946
2025-04-04,0.610966801613412,0.0,0.0,0.0,1.0,0.0,0.0,0.0,0.0,1.0,0.0,0.0,0.0,0.0,0.0,0.0,0.0,0.0,0.0,0.0,0.0,0.3291915385199928,0.820708990887475,0.847251680570904,0.961574472324867,0.6772976144757946
2025-04-05,0.752547352517483,0.0,0.0,0.0,0.0,1.0,0.0,0.0,0.0,1.0,0.0,0.0,0.0,0.0,0.0,0.0,0.0,0.0,0.0,0.0,0.0,0.3453856460876004,0.863399837209102,0.838661239934857,0.685960563626499,0.6724829636615015
2025-04-06,0.708239242296184,0.0,0.0,0.0,0.0,0.0,1.0,0.0,0.0,1.0,0.0,0.0,0.0,0.0,0.0,0.0,0.0,0.0,0.0,0.0,0.0,0.36147754848581176,0.691439968717379,0.67709542058266,0.847251680570904,0.6724829636615015
2025-04-07,0.879502009268872,0.0,0.0,0.0,0.0,0.0,0.0,0.0,0.0,1.0,0.0,0.0,0.0,0.0,0.0,0.0,0.0,0.0,0.0,0.0,0.0,0.3774624838618099,0.776003259154194,0.51327202051403,0.838661239934857,0.6724829636615015
2025-04-08,1.32523781847614,1.0,0.0,0.0,0.0,0.0,0.0,0.0,0.0,1.0,0.0,0.0,0.0,0.0,0.0,0.0,0.0,0.0,0.0,0.0,0.0,0.39333572201604594,0.610966801613412,0.820708990887475,0.67709542058266,0.667163877835198
2025-04-09,1.40580703152983,0.0,1.0,0.0,0.0,0.0,0.0,0.0,0.0,1.0,0.0,0.0,0.0,0.0,0.0,0.0,0.0,0.0,0.0,0.0,0.0,0.4090925658019742,0.752547352517483,0.863399837209102,0.51327202051403,0.6519776647369486
2025-04-10,0.797686853134099,0.0,0.0,1.0,0.0,0.0,0.0,0.0,0.0,1.0,0.0,0.0,0.0,0.0,0.0,0.0,0.0,0.0,0.0,0.0,0.0,0.4247283525160183,0.708239242296184,0.691439968717379,0.820708990887475,0.6519776647369486
2025-04-11,0.635539704836116,0.0,0.0,0.0,1.0,0.0,0.0,0.0,0.0,1.0,0.0,0.0,0.0,0.0,0.0,0.0,0.0,0.0,0.0,0.0,0.0,0.4402384552773277,0.879502009268872,0.776003259154194,0.863399837209102,0.6519776647369486
2025-04-12,0.746110382392601,0.0,0.0,0.0,0.0,1.0,0.0,0.0,0.0,1.0,0.0,0.0,0.0,0.0,0.0,0.0,0.0,0.0,0.0,0.0,0.0,0.4556182843969648,1.32523781847614,0.610966801613412,0.691439968717379,0.6519776647369486
2025-04-13,0.868822136583075,0.0,0.0,0.0,0.0,0.0,1.0,0.0,0.0,1.0,0.0,0.0,0.0,0.0,0.0,0.0,0.0,0.0,0.0,0.0,0.0,0.47086328873605704,1.40580703152983,0.752547352517483,0.776003259154194,0.6519776647369486
2025-04-14,1.26673078344271,0.0,0.0,0.0,0.0,0.0,0.0,0.0,0.0,1.0,0.0,0.0,0.0,0.0,0.0,0.0,0.0,0.0,0.0,0.0,0.0,0.48596895705254883,0.797686853134099,0.708239242296184,0.610966801613412,0.6402511520562528
2025-04-15,1.14195196052719,1.0,0.0,0.0,0.0,0.0,0.0,0.0,0.0,1.0,0.0,0.0,0.0,0.0,0.0,0.0,0.0,0.0,0.0,0.0,0.0,0.5009308193361601,0.635539704836116,0.879502009268872,0.752547352517483,0.6402511520562528
2025-04-16,0.922985248415693,0.0,1.0,0.0,0.0,0.0,0.0,0.0,0.0,1.0,0.0,0.0,0.0,0.0,0.0,0.0,0.0,0.0,0.0,0.0,0.0,0.515744448131128,0.746110382392601,1.32523781847614,0.708239242296184,0.6402511520562528
2025-04-17,0.895018768186159,0.0,0.0,1.0,0.0,0.0,0.0,0.0,0.0,1.0,0.0,0.0,0.0,0.0,0.0,0.0,0.0,0.0,0.0,0.0,0.0,0.530405459846365,0.868822136583075,1.40580703152983,0.879502009268872,0.6402511520562528
2025-04-18,0.447894071155475,0.0,0.0,0.0,1.0,0.0,0.0,0.0,0.0,1.0,0.0,0.0,0.0,0.0,0.0,0.0,0.0,0.0,1.0,0.0,0.0,0.5449095160526287,1.26673078344271,0.797686853134099,1.32523781847614,0.6402511520562528
2025-04-19,0.353828861718023,0.0,0.0,0.0,0.0,1.0,0.0,0.0,0.0,1.0,0.0,0.0,0.0,0.0,0.0,0.0,0.0,0.0,0.0,1.0,0.0,0.5592523247663413,1.14195196052719,0.635539704836116,1.40580703152983,0.6402511520562528
2025-04-20,0.351972530595389,0.0,0.0,0.0,0.0,0.0,1.0,0.0,0.0,1.0,0.0,0.0,0.0,0.0,0.0,0.0,0.0,0.0,0.0,0.0,0.0,0.5734296417196509,0.922985248415693,0.746110382392601,0.797686853134099,0.6402511520562528
2025-04-21,0.492589610841236,0.0,0.0,0.0,0.0,0.0,0.0,0.0,0.0,1.0,0.0,0.0,0.0,0.0,0.0,0.0,0.0,0.0,1.0,0.0,0.0,0.5874372716163813,0.895018768186159,0.868822136583075,0.635539704836116,0.630648385195104
2025-04-22,0.909719034169751,1.0,0.0,0.0,0.0,0.0,0.0,0.0,0.0,1.0,0.0,0.0,0.0,0.0,0.0,0.0,0.0,0.0,0.0,1.0,0.0,0.601271069373482,0.447894071155475,1.26673078344271,0.746110382392601,0.630648385195104
2025-04-23,1.19371891528113,0.0,1.0,0.0,0.0,0.0,0.0,0.0,0.0,1.0,0.0,0.0,0.0,0.0,0.0,0.0,0.0,0.0,0.0,0.0,0.0,0.6149269413476337,0.353828861718023,1.14195196052719,0.868822136583075,0.630648385195104
2025-04-24,0.55216931375032,0.0,0.0,1.0,0.0,0.0,0.0,0.0,0.0,1.0,0.0,0.0,0.0,0.0,0.0,0.0,0.0,0.0,0.0,0.0,0.0,0.6284008465466204,0.351972530595389,0.922985248415693,1.26673078344271,0.630648385195104
2025-04-25,0.642541346926457,0.0,0.0,0.0,1.0,0.0,0.0,0.0,0.0,1.0,0.0,0.0,0.0,0.0,0.0,0.0,0.0,0.0,0.0,0.0,0.0,0.6416887978251137,0.492589610841236,0.895018768186159,1.14195196052719,0.630648385195104
2025-04-26,0.689772685277974,0.0,0.0,0.0,0.0,1.0,0.0,0.0,0.0,1.0,0.0,0.0,0.0,0.0,0.0,0.0,0.0,0.0,0.0,0.0,0.0,0.6547868630645504,0.909719034169751,0.447894071155475,0.922985248415693,0.630648385195104
2025-04-27,0.553325941109169,0.0,0.0,0.0,0.0,0.0,1.0,0.0,0.0,1.0,0.0,0.0,0.0,0.0,0.0,0.0,0.0,0.0,0.0,0.0,0.0,0.6676911663366988,1.19371891528113,0.353828861718023,0.895018768186159,0.630648385195104
2025-04-28,1.22119990379872,0.0,0.0,0.0,0.0,0.0,0.0,0.0,0.0,1.0,0.0,0.0,0.0,0.0,0.0,0.0,0.0,0.0,0.0,0.0,0.0,0.6803978890506115,0.55216931375032,0.351972530595389,0.447894071155475,0.6183735640855165
2025-04-29,0.77716273847284,1.0,0.0,0.0,0.0,0.0,0.0,0.0,0.0,1.0,0.0,0.0,0.0,0.0,0.0,0.0,0.0,0.0,0.0,0.0,0.0,0.6929032710826034,0.642541346926457,0.492589610841236,0.353828861718023,0.6183735640855165
2025-04-30,0.75442405933173,0.0,1.0,0.0,0.0,0.0,0.0,0.0,0.0,1.0,0.0,0.0,0.0,0.0,0.0,0.0,0.0,0.0,0.0,0.0,0.0,0.7052036118889403,0.689772685277974,0.909719034169751,0.351972530595389,0.6011358567253681
2025-05-01,0.593151757808654,0.0,0.0,1.0,0.0,0.0,0.0,0.0,0.0,0.0,1.0,0.0,0.0,0.0,0.0,0.0,0.0,0.0,0.0,0.0,0.0,0.7172952716008841,0.553325941109169,1.19371891528113,0.492589610841236,0.580586033742806
2025-05-02,0.372721392820016,0.0,0.0,0.0,1.0,0.0,0.0,0.0,0.0,0.0,1.0,0.0,0.0,0.0,0.0,0.0,0.0,0.0,0.0,0.0,0.0,0.7291746721017912,1.22119990379872,0.55216931375032,0.909719034169751,0.580586033742806
2025-05-03,0.418388498651012,0.0,0.0,0.0,0.0,1.0,0.0,0.0,0.0,0.0,1.0,0.0,0.0,0.0,0.0,0.0,0.0,0.0,0.0,0.0,0.0,0.7408382980859298,0.77716273847284,0.642541346926457,1.19371891528113,0.580586033742806
2025-05-04,0.43009161469673,0.0,0.0,0.0,0.0,0.0,1.0,0.0,0.0,0.0,1.0,0.0,0.0,0.0,0.0,0.0,0.0,0.0,0.0,0.0,0.0,0.7522826980987227,0.75442405933173,0.689772685277974,0.55216931375032,0.5696498107279384
2025-05-05,0.400228926497842,0.0,0.0,0.0,0.0,0.0,0.0,0.0,0.0,0.0,1.0,0.0,0.0,0.0,0.0,0.0,0.0,0.0,1.0,0.0,0.0,0.7635044855580857,0.593151757808654,0.553325941109169,0.642541346926457,0.5783549192036824
2025-05-06,0.690484983586264,1.0,0.0,0.0,0.0,0.0,0.0,0.0,0.0,0.0,1.0,0.0,0.0,0.0,0.0,0.0,0.0,0.0,0.0,1.0,0.0,0.7745003397565637,0.372721392820016,1.22119990379872,0.689772685277974,0.6011358567253681
2025-05-07,0.71480420483968,0.0,1.0,0.0,0.0,0.0,0.0,0.0,0.0,0.0,1.0,0.0,0.0,0.0,0.0,0.0,0.0,0.0,0.0,0.0,0.0,0.7852670068439955,0.418388498651012,0.77716273847284,0.553325941109169,0.6011358567253681
2025-05-08,0.519439740044983,0.0,0.0,1.0,0.0,0.0,0.0,0.0,0.0,0.0,1.0,0.0,0.0,0.0,0.0,0.0,0.0,0.0,0.0,0.0,0.0,0.7958013007903698,0.43009161469673,0.75442405933173,1.22119990379872,0.6011358567253681
2025-05-09,0.657679013291952,0.0,0.0,0.0,1.0,0.0,0.0,0.0,0.0,0.0,1.0,0.0,0.0,0.0,0.0,0.0,0.0,0.0,0.0,0.0,0.0,0.8061001043286317,0.400228926497842,0.593151757808654,0.77716273847284,0.6011358567253681
2025-05-10,0.608070551406248,0.0,0.0,0.0,0.0,1.0,0.0,0.0,0.0,0.0,1.0,0.0,0.0,0.0,0.0,0.0,0.0,0.0,0.0,0.0,0.0,0.8161603698771169,0.690484983586264,0.372721392820016,0.75442405933173,0.6011358567253681
2025-05-11,0.766081700606365,0.0,0.0,0.0,0.0,0.0,1.0,0.0,0.0,0.0,1.0,0.0,0.0,0.0,0.0,0.0,0.0,0.0,0.0,0.0,0.0,0.8259791204413979,0.71480420483968,0.418388498651012,0.593151757808654,0.5904468304425132
2025-05-12,0.788734962653387,0.0,0.0,0.0,0.0,0.0,0.0,0.0,0.0,0.0,1.0,0.0,0.0,0.0,0.0,0.0,0.0,0.0,0.0,0.0,0.0,0.8355534504952139,0.519439740044983,0.43009161469673,0.372721392820016,0.5731640400796488
2025-05-13,0.82603008593189,1.0,0.0,0.0,0.0,0.0,0.0,0.0,0.0,0.0,1.0,0.0,0.0,0.0,0.0,0.0,0.0,0.0,0.0,0.0,0.0,0.844880526840267,0.657679013291952,0.400228926497842,0.418388498651012,0.5528632901656294
2025-05-14,0.661961645091195,0.0,1.0,0.0,0.0,0.0,0.0,0.0,0.0,0.0,1.0,0.0,0.0,0.0,0.0,0.0,0.0,0.0,0.0,0.0,0.0,0.8539575894446066,0.608070551406248,0.690484983586264,0.43009161469673,0.5528632901656294
2025-05-15,0.453637350960689,0.0,0.0,1.0,0.0,0.0,0.0,0.0,0.0,0.0,1.0,0.0,0.0,0.0,0.0,0.0,0.0,0.0,0.0,0.0,0.0,0.862781952259373,0.766081700606365,0.71480420483968,0.400228926497842,0.536610396455804
2025-05-16,0.388288421837004,0.0,0.0,0.0,1.0,0.0,0.0,0.0,0.0,0.0,1.0,0.0,0.0,0.0,0.0,0.0,0.0,0.0,0.0,0.0,0.0,0.87135100401364,0.788734962653387,0.519439740044983,0.690484983586264,0.536610396455804
2025-05-17,0.378368200321485,0.0,0.0,0.0,0.0,1.0,0.0,0.0,0.0,0.0,1.0,0.0,0.0,0.0,0.0,0.0,0.0,0.0,0.0,0.0,0.0,0.8796622089871288,0.82603008593189,0.657679013291952,0.71480420483968,0.536610396455804
2025-05-18,0.504433559888163,0.0,0.0,0.0,0.0,0.0,1.0,0.0,0.0,0.0,1.0,0.0,0.0,0.0,0.0,0.0,0.0,0.0,0.0,0.0,0.0,0.8877131077605742,0.661961645091195,0.608070551406248,0.519439740044983,0.5169726522326018
2025-05-19,0.719396606054645,0.0,0.0,0.0,0.0,0.0,0.0,0.0,0.0,0.0,1.0,0.0,0.0,0.0,0.0,0.0,0.0,0.0,0.0,0.0,0.0,0.8955013179435027,0.453637350960689,0.766081700606365,0.657679013291952,0.5169726522326018
2025-05-20,0.895812369159466,1.0,0.0,0.0,0.0,0.0,0.0,0.0,0.0,0.0,1.0,0.0,0.0,0.0,0.0,0.0,0.0,0.0,0.0,0.0,0.0,0.9030245348792224,0.388288421837004,0.788734962653387,0.608070551406248,0.5390774842681852
2025-05-21,0.552812096027405,0.0,1.0,0.0,0.0,0.0,0.0,0.0,0.0,0.0,1.0,0.0,0.0,0.0,0.0,0.0,0.0,0.0,0.0,0.0,0.0,0.9102805323268022,0.378368200321485,0.82603008593189,0.766081700606365,0.5390774842681852
2025-05-22,0.630181982862279,0.0,0.0,1.0,0.0,0.0,0.0,0.0,0.0,0.0,1.0,0.0,0.0,0.0,0.0,0.0,0.0,0.0,0.0,0.0,0.0,0.9172671631198608,0.504433559888163,0.661961645091195,0.788734962653387,0.5390774842681852
2025-05-23,0.444373450642386,0.0,0.0,0.0,1.0,0.0,0.0,0.0,0.0,0.0,1.0,0.0,0.0,0.0,0.0,0.0,0.0,0.0,0.0,0.0,0.0,0.9239823598019428,0.719396606054645,0.453637350960689,0.82603008593189,0.5390774842681852
2025-05-24,0.369349086876355,0.0,0.0,0.0,0.0,1.0,0.0,0.0,0.0,0.0,1.0,0.0,0.0,0.0,0.0,0.0,0.0,0.0,0.0,0.0,0.0,0.9304241352383132,0.895812369159466,0.388288421837004,0.661961645091195,0.5390774842681852
2025-05-25,0.193265202011867,0.0,0.0,0.0,0.0,0.0,1.0,0.0,0.0,0.0,1.0,0.0,0.0,0.0,0.0,0.0,0.0,0.0,0.0,0.0,0.0,0.936590583203981,0.552812096027405,0.378368200321485,0.453637350960689,0.5169726522326018
2025-05-26,0.320404959585786,0.0,0.0,0.0,0.0,0.0,0.0,0.0,0.0,0.0,1.0,0.0,0.0,0.0,0.0,0.0,0.0,0.0,1.0,0.0,0.0,0.9424798789477854,0.630181982862279,0.504433559888163,0.388288421837004,0.5049990566449124
2025-05-27,0.548163420138342,1.0,0.0,0.0,0.0,0.0,0.0,0.0,0.0,0.0,1.0,0.0,0.0,0.0,0.0,0.0,0.0,0.0,0.0,1.0,0.0,0.9480902797323665,0.444373450642386,0.719396606054645,0.378368200321485,0.47700870688901725
2025-05-28,0.600320340724978,0.0,1.0,0.0,0.0,0.0,0.0,0.0,0.0,0.0,1.0,0.0,0.0,0.0,0.0,0.0,0.0,0.0,0.0,0.0,0.0,0.9534201253498682,0.369349086876355,0.895812369159466,0.504433559888163,0.47700870688901725
2025-05-29,0.455496186420114,0.0,0.0,1.0,0.0,0.0,0.0,0.0,0.0,0.0,1.0,0.0,0.0,0.0,0.0,0.0,0.0,0.0,0.0,0.0,0.0,0.9584678386132242,0.193265202011867,0.552812096027405,0.719396606054645,0.47700870688901725
2025-05-30,0.795668537271672,0.0,0.0,0.0,1.0,0.0,0.0,0.0,0.0,0.0,1.0,0.0,0.0,0.0,0.0,0.0,0.0,0.0,0.0,0.0,0.0,0.9632319258228698,0.320404959585786,0.630181982862279,0.895812369159466,0.47700870688901725
2025-05-31,0.568039609819824,0.0,0.0,0.0,0.0,1.0,0.0,0.0,0.0,0.0,1.0,0.0,0.0,0.0,0.0,0.0,0.0,0.0,0.0,0.0,0.0,0.9677109772087533,0.548163420138342,0.444373450642386,0.552812096027405,0.47700870688901725
2025-06-01,0.442324552389213,0.0,0.0,0.0,0.0,0.0,1.0,0.0,0.0,0.0,0.0,1.0,0.0,0.0,0.0,0.0,0.0,0.0,0.0,0.0,0.0,0.9719036673475078,0.600320340724978,0.369349086876355,0.630181982862279,0.47700870688901725
2025-06-02,0.962194102319518,0.0,0.0,0.0,0.0,0.0,0.0,0.0,0.0,0.0,0.0,1.0,0.0,0.0,0.0,0.0,0.0,0.0,0.0,0.0,0.0,0.9758087555546677,0.455496186420114,0.193265202011867,0.444373450642386,0.4513400390386034
2025-06-03,0.934775978188355,1.0,0.0,0.0,0.0,0.0,0.0,0.0,0.0,0.0,0.0,1.0,0.0,0.0,0.0,0.0,0.0,0.0,0.0,0.0,0.0,0.9794250862518059,0.795668537271672,0.320404959585786,0.369349086876355,0.4464858229502394
2025-06-04,0.641322607414377,0.0,1.0,0.0,0.0,0.0,0.0,0.0,0.0,0.0,0.0,1.0,0.0,0.0,0.0,0.0,0.0,0.0,0.0,0.0,0.0,0.9827515893084883,0.568039609819824,0.548163420138342,0.193265202011867,0.4386607162641236
2025-06-05,0.418447990865884,0.0,0.0,1.0,0.0,0.0,0.0,0.0,0.0,0.0,0.0,1.0,0.0,0.0,0.0,0.0,0.0,0.0,0.0,0.0,0.0,0.9857872803589409,0.442324552389213,0.600320340724978,0.320404959585786,0.4254103682784428
2025-06-06,0.405253914890219,0.0,0.0,0.0,1.0,0.0,0.0,0.0,0.0,0.0,0.0,1.0,0.0,0.0,0.0,0.0,0.0,0.0,0.0,0.0,0.0,0.9885312610933431,0.962194102319518,0.455496186420114,0.548163420138342,0.4254103682784428
2025-06-07,0.357143724773718,0.0,0.0,0.0,0.0,1.0,0.0,0.0,0.0,0.0,0.0,1.0,0.0,0.0,0.0,0.0,0.0,0.0,0.0,0.0,0.0,0.9909827195236494,0.934775978188355,0.795668537271672,0.600320340724978,0.4254103682784428
2025-06-08,0.374834103297893,0.0,0.0,0.0,0.0,0.0,1.0,0.0,0.0,0.0,0.0,1.0,0.0,0.0,0.0,0.0,0.0,0.0,0.0,0.0,0.0,0.9931409302238694,0.641322607414377,0.568039609819824,0.455496186420114,0.4254103682784428
2025-06-09,0.439653186019161,0.0,0.0,0.0,0.0,0.0,0.0,0.0,0.0,0.0,0.0,1.0,0.0,0.0,0.0,0.0,0.0,0.0,0.0,0.0,0.0,0.9950052545447351,0.418447990865884,0.442324552389213,0.795668537271672,0.4254103682784428
2025-06-10,0.419948431830197,1.0,0.0,0.0,0.0,0.0,0.0,0.0,0.0,0.0,0.0,1.0,0.0,0.0,0.0,0.0,0.0,0.0,0.0,0.0,0.0,0.9965751408026858,0.405253914890219,0.962194102319518,0.568039609819824,0.4254103682784428
2025-06-11,0.283471653985072,0.0,1.0,0.0,0.0,0.0,0.0,0.0,0.0,0.0,0.0,1.0,0.0,0.0,0.0,0.0,0.0,0.0,0.0,0.0,0.0,0.9978501244431209,0.357143724773718,0.934775978188355,0.442324552389213,0.4254103682784428
2025-06-12,0.345903249155168,0.0,0.0,1.0,0.0,0.0,0.0,0.0,0.0,0.0,0.0,1.0,0.0,0.0,0.0,0.0,0.0,0.0,0.0,0.0,0.0,0.9988298281778684,0.374834103297893,0.641322607414377,0.962194102319518,0.4254103682784428
2025-06-13,0.28799110507562,0.0,0.0,0.0,1.0,0.0,0.0,0.0,0.0,0.0,0.0,1.0,0.0,0.0,0.0,0.0,0.0,0.0,0.0,0.0,0.0,0.9995139620968313,0.439653186019161,0.418447990865884,0.934775978188355,0.4254103682784428
2025-06-14,0.336286440288196,0.0,0.0,0.0,0.0,1.0,0.0,0.0,0.0,0.0,0.0,1.0,0.0,0.0,0.0,0.0,0.0,0.0,0.0,0.0,0.0,0.9999023237537764,0.419948431830197,0.405253914890219,0.641322607414377,0.4254103682784428
2025-06-15,0.362483653232386,0.0,0.0,0.0,0.0,0.0,1.0,0.0,0.0,0.0,0.0,1.0,0.0,0.0,0.0,0.0,0.0,0.0,0.0,0.0,0.0,0.9999947982262414,0.283471653985072,0.357143724773718,0.418447990865884,0.41842419397993524
2025-06-16,0.66775029963462,0.0,0.0,0.0,0.0,0.0,0.0,0.0,0.0,0.0,0.0,1.0,0.0,0.0,0.0,0.0,0.0,0.0,0.0,0.0,0.0,0.9997913581495419,0.345903249155168,0.374834103297893,0.405253914890219,0.41313466514669483
2025-06-17,0.457293831815015,1.0,0.0,0.0,0.0,0.0,0.0,0.0,0.0,0.0,0.0,1.0,0.0,0.0,0.0,0.0,0.0,0.0,0.0,0.0,0.0,0.9992920637248697,0.28799110507562,0.439653186019161,0.357143724773718,0.41313466514669483
2025-06-18,0.510922032713959,0.0,1.0,0.0,0.0,0.0,0.0,0.0,0.0,0.0,0.0,1.0,0.0,0.0,0.0,0.0,0.0,0.0,0.0,0.0,0.0,0.9984970627014779,0.336286440288196,0.419948431830197,0.374834103297893,0.41313466514669483
2025-06-19,0.275767071082885,0.0,0.0,1.0,0.0,0.0,0.0,0.0,0.0,0.0,0.0,1.0,0.0,0.0,0.0,0.0,0.0,0.0,0.0,0.0,0.0,0.9974065903329598,0.362483653232386,0.283471653985072,0.439653186019161,0.41313466514669483
2025-06-20,0.472444478751596,0.0,0.0,0.0,1.0,0.0,0.0,0.0,0.0,0.0,0.0,1.0,0.0,0.0,0.0,0.0,0.0,0.0,0.0,0.0,0.0,0.9960209693076331,0.66775029963462,0.345903249155168,0.419948431830197,0.41313466514669483
2025-06-21,0.590069534725147,0.0,0.0,0.0,0.0,1.0,0.0,0.0,0.0,0.0,0.0,1.0,0.0,0.0,0.0,0.0,0.0,0.0,0.0,0.0,0.0,0.9943406096530519,0.457293831815015,0.28799110507562,0.283471653985072,0.4032439195332682
2025-06-22,0.849149435013398,0.0,0.0,0.0,0.0,0.0,1.0,0.0,0.0,0.0,0.0,1.0,0.0,0.0,0.0,0.0,0.0,0.0,0.0,0.0,0.0,0.992366008614672,0.510922032713959,0.336286440288196,0.345903249155168,0.39545272463350684
2025-06-23,0.691647962602993,0.0,0.0,0.0,0.0,0.0,0.0,0.0,0.0,0.0,0.0,1.0,0.0,0.0,0.0,0.0,0.0,0.0,0.0,0.0,0.0,0.9900977505087094,0.275767071082885,0.362483653232386,0.28799110507562,0.3843203332307964
2025-06-24,0.691481380484001,1.0,0.0,0.0,0.0,0.0,0.0,0.0,0.0,0.0,0.0,1.0,0.0,0.0,0.0,0.0,0.0,0.0,0.0,0.0,0.0,0.9875365065492302,0.472444478751596,0.66775029963462,0.336286440288196,0.3769545615120482
2025-06-25,0.296100203113609,0.0,1.0,0.0,0.0,0.0,0.0,0.0,0.0,0.0,0.0,1.0,0.0,0.0,0.0,0.0,0.0,0.0,0.0,0.0,0.0,0.9846830346495282,0.590069534725147,0.457293831815015,0.362483653232386,0.3739890191067422
2025-06-26,0.425500438058482,0.0,0.0,1.0,0.0,0.0,0.0,0.0,0.0,0.0,0.0,1.0,0.0,0.0,0.0,0.0,0.0,0.0,0.0,0.0,0.0,0.981538179197847,0.849149435013398,0.510922032713959,0.66775029963462,0.3739890191067422
2025-06-27,0.29456012450387,0.0,0.0,0.0,1.0,0.0,0.0,0.0,0.0,0.0,0.0,1.0,0.0,0.0,0.0,0.0,0.0,0.0,0.0,0.0,0.0,0.9781028708075103,0.691647962602993,0.275767071082885,0.457293831815015,0.3739890191067422
2025-06-28,0.275570481835978,0.0,0.0,0.0,0.0,1.0,0.0,0.0,0.0,0.0,0.0,1.0,0.0,0.0,0.0,0.0,0.0,0.0,0.0,0.0,0.0,0.9743781260415398,0.691481380484001,0.472444478751596,0.510922032713959,0.3739890191067422
2025-06-29,0.301710700283134,0.0,0.0,0.0,0.0,0.0,1.0,0.0,0.0,0.0,0.0,1.0,0.0,0.0,0.0,0.0,0.0,0.0,0.0,0.0,0.0,0.970365047111836,0.296100203113609,0.590069534725147,0.275767071082885,0.37137247044255156
2025-06-30,0.469873391486746,0.0,0.0,0.0,0.0,0.0,0.0,0.0,0.0,0.0,0.0,1.0,0.0,0.0,0.0,0.0,0.0,0.0,0.0,0.0,0.0,0.9660648215530208,0.425500438058482,0.849149435013398,0.472444478751596,0.37264009672927784
2025-07-01,0.56545068256555,1.0,0.0,0.0,0.0,0.0,0.0,0.0,0.0,0.0,0.0,0.0,1.0,0.0,0.0,0.0,0.0,0.0,0.0,0.0,0.0,0.9614787218710191,0.29456012450387,0.691647962602993,0.590069534725147,0.37264009672927784
2025-07-02,0.5075481343891,0.0,1.0,0.0,0.0,0.0,0.0,0.0,0.0,0.0,0.0,0.0,1.0,0.0,0.0,0.0,0.0,0.0,0.0,0.0,0.0,0.9566081051665106,0.275570481835978,0.691481380484001,0.849149435013398,0.37264009672927784
2025-07-03,0.575887266731897,0.0,0.0,1.0,0.0,0.0,0.0,0.0,0.0,0.0,0.0,0.0,1.0,0.0,0.0,0.0,0.0,0.0,0.0,0.0,0.0,0.9514544127333379,0.301710700283134,0.296100203113609,0.691647962602993,0.37264009672927784
2025-07-04,0.629137605696464,0.0,0.0,0.0,1.0,0.0,0.0,0.0,0.0,0.0,0.0,0.0,1.0,0.0,0.0,0.0,0.0,0.0,0.0,0.0,0.0,0.9460191696320087,0.469873391486746,0.425500438058482,0.691481380484001,0.37264009672927784
2025-07-05,0.411558162650374,0.0,0.0,0.0,0.0,1.0,0.0,0.0,0.0,0.0,0.0,0.0,1.0,0.0,0.0,0.0,0.0,0.0,0.0,0.0,0.0,0.9403039842384007,0.56545068256555,0.29456012450387,0.296100203113609,0.3666029134187674
2025-07-06,0.26830474577492,0.0,0.0,0.0,0.0,0.0,1.0,0.0,0.0,0.0,0.0,0.0,1.0,0.0,0.0,0.0,0.0,0.0,0.0,0.0,0.0,0.9343105477678194,0.5075481343891,0.275570481835978,0.425500438058482,0.3666029134187674
2025-07-07,0.791789769274812,0.0,0.0,0.0,0.0,0.0,0.0,0.0,0.0,0.0,0.0,0.0,1.0,0.0,0.0,0.0,0.0,0.0,0.0,0.0,0.0,0.9280406337745429,0.575887266731897,0.301710700283134,0.29456012450387,0.3603476818489188
2025-07-08,0.570287934978547,1.0,0.0,0.0,0.0,0.0,0.0,0.0,0.0,0.0,0.0,0.0,1.0,0.0,0.0,0.0,0.0,0.0,0.0,0.0,0.0,0.9214960976269946,0.629137605696464,0.469873391486746,0.275570481835978,0.352647534526298
2025-07-09,0.492116268485366,0.0,1.0,0.0,0.0,0.0,0.0,0.0,0.0,0.0,0.0,0.0,1.0,0.0,0.0,0.0,0.0,0.0,0.0,0.0,0.0,0.9146788759587118,0.411558162650374,0.56545068256555,0.301710700283134,0.34205652560837924
2025-07-10,0.436573136845743,0.0,0.0,1.0,0.0,0.0,0.0,0.0,0.0,0.0,0.0,0.0,1.0,0.0,0.0,0.0,0.0,0.0,0.0,0.0,0.0,0.907590986095264,0.26830474577492,0.5075481343891,0.469873391486746,0.34205652560837924
2025-07-11,0.66334478211754,0.0,0.0,0.0,1.0,0.0,0.0,0.0,0.0,0.0,0.0,0.0,1.0,0.0,0.0,0.0,0.0,0.0,0.0,0.0,0.0,0.9002345254572965,0.791789769274812,0.575887266731897,0.56545068256555,0.34205652560837924
2025-07-12,0.319255244176183,0.0,0.0,0.0,0.0,1.0,0.0,0.0,0.0,0.0,0.0,0.0,1.0,0.0,0.0,0.0,0.0,0.0,0.0,0.0,0.0,0.8926116709398654,0.570287934978547,0.629137605696464,0.5075481343891,0.34205652560837924
2025-07-13,0.652018574656573,0.0,0.0,0.0,0.0,0.0,1.0,0.0,0.0,0.0,0.0,0.0,1.0,0.0,0.0,0.0,0.0,0.0,0.0,0.0,0.0,0.8847246782682624,0.492116268485366,0.411558162650374,0.575887266731897,0.34205652560837924
2025-07-14,0.970015323339931,0.0,0.0,0.0,0.0,0.0,0.0,0.0,0.0,0.0,0.0,0.0,1.0,0.0,0.0,0.0,0.0,0.0,0.0,0.0,0.0,0.8765758813305067,0.436573136845743,0.26830474577492,0.629137605696464,0.34205652560837924
2025-07-15,0.706562276725177,1.0,0.0,0.0,0.0,0.0,0.0,0.0,0.0,0.0,0.0,0.0,1.0,0.0,0.0,0.0,0.0,0.0,0.0,0.0,0.0,0.868167691486717,0.66334478211754,0.791789769274812,0.411558162650374,0.34205652560837924
2025-07-16,0.662293570266327,0.0,1.0,0.0,0.0,0.0,0.0,0.0,0.0,0.0,0.0,0.0,1.0,0.0,0.0,0.0,0.0,0.0,0.0,0.0,0.0,0.8595025968555415,0.319255244176183,0.570287934978547,0.26830474577492,0.329933848007232
2025-07-17,0.618327406512876,0.0,0.0,1.0,0.0,0.0,0.0,0.0,0.0,0.0,0.0,0.0,1.0,0.0,0.0,0.0,0.0,0.0,0.0,0.0,0.0,0.8505831615778885,0.652018574656573,0.492116268485366,0.791789769274812,0.329933848007232
2025-07-18,0.538268116408213,0.0,0.0,0.0,1.0,0.0,0.0,0.0,0.0,0.0,0.0,0.0,1.0,0.0,0.0,0.0,0.0,0.0,0.0,0.0,0.0,0.8414120250581583,0.970015323339931,0.436573136845743,0.570287934978547,0.329933848007232
2025-07-19,0.30076617854704,0.0,0.0,0.0,0.0,1.0,0.0,0.0,0.0,0.0,0.0,0.0,1.0,0.0,0.0,0.0,0.0,0.0,0.0,0.0,0.0,0.8319919011831955,0.706562276725177,0.66334478211754,0.492116268485366,0.329933848007232
2025-07-20,0.318156029424611,0.0,0.0,0.0,0.0,0.0,1.0,0.0,0.0,0.0,0.0,0.0,1.0,0.0,0.0,0.0,0.0,0.0,0.0,0.0,0.0,0.8223255775192102,0.662293570266327,0.319255244176183,0.436573136845743,0.329933848007232
2025-07-21,0.739611318969171,0.0,0.0,0.0,0.0,0.0,0.0,0.0,0.0,0.0,0.0,0.0,1.0,0.0,0.0,0.0,0.0,0.0,0.0,0.0,0.0,0.8124159144868894,0.618327406512876,0.652018574656573,0.66334478211754,0.329933848007232
2025-07-22,0.433994370298258,1.0,0.0,0.0,0.0,0.0,0.0,0.0,0.0,0.0,0.0,0.0,1.0,0.0,0.0,0.0,0.0,0.0,0.0,0.0,0.0,0.802265844514958,0.538268116408213,0.970015323339931,0.319255244176183,0.31994507342194484
2025-07-23,0.309284153144214,0.0,1.0,0.0,0.0,0.0,0.0,0.0,0.0,0.0,0.0,0.0,1.0,0.0,0.0,0.0,0.0,0.0,0.0,0.0,0.0,0.7918783711724181,0.30076617854704,0.706562276725177,0.652018574656573,0.329933848007232
2025-07-24,0.200592196322376,0.0,0.0,1.0,0.0,0.0,0.0,0.0,0.0,0.0,0.0,0.0,1.0,0.0,0.0,0.0,0.0,0.0,0.0,0.0,0.0,0.7812565682797504,0.318156029424611,0.662293570266327,0.970015323339931,0.34205652560837924
2025-07-25,0.339957885840472,0.0,0.0,0.0,1.0,0.0,0.0,0.0,0.0,0.0,0.0,0.0,1.0,0.0,0.0,0.0,0.0,0.0,0.0,0.0,0.0,0.7704035789993182,0.739611318969171,0.618327406512876,0.706562276725177,0.34205652560837924
2025-07-26,0.171559442129876,0.0,0.0,0.0,0.0,1.0,0.0,0.0,0.0,0.0,0.0,0.0,1.0,0.0,0.0,0.0,0.0,0.0,0.0,0.0,0.0,0.7593226149052594,0.433994370298258,0.538268116408213,0.662293570266327,0.34205652560837924
2025-07-27,0.199674110648044,0.0,0.0,0.0,0.0,0.0,1.0,0.0,0.0,0.0,0.0,0.0,1.0,0.0,0.0,0.0,0.0,0.0,0.0,0.0,0.0,0.748016955033124,0.309284153144214,0.30076617854704,0.618327406512876,0.34205652560837924
2025-07-28,0.257251978657799,0.0,0.0,0.0,0.0,0.0,0.0,0.0,0.0,0.0,0.0,0.0,1.0,0.0,0.0,0.0,0.0,0.0,0.0,0.0,0.0,0.7364899449095564,0.200592196322376,0.318156029424611,0.538268116408213,0.34205652560837924
2025-07-29,0.222493141208795,1.0,0.0,0.0,0.0,0.0,0.0,0.0,0.0,0.0,0.0,0.0,1.0,0.0,0.0,0.0,0.0,0.0,0.0,0.0,0.0,0.7247449955623085,0.339957885840472,0.739611318969171,0.30076617854704,0.32947396184339084
2025-07-30,0.15737834522407,0.0,1.0,0.0,0.0,0.0,0.0,0.0,0.0,0.0,0.0,0.0,1.0,0.0,0.0,0.0,0.0,0.0,0.0,0.0,0.0,0.712785582510848,0.171559442129876,0.433994370298258,0.318156029424611,0.3188155582755542
2025-07-31,0.209114414172148,0.0,0.0,1.0,0.0,0.0,0.0,0.0,0.0,0.0,0.0,0.0,1.0,0.0,0.0,0.0,0.0,0.0,0.0,0.0,0.0,0.7006152447379053,0.199674110648044,0.309284153144214,0.739611318969171,0.3188155582755542
2025-08-01,0.232345985255995,0.0,0.0,0.0,1.0,0.0,0.0,0.0,0.0,0.0,0.0,0.0,0.0,1.0,0.0,0.0,0.0,0.0,0.0,0.0,0.0,0.6882375836422279,0.257251978657799,0.200592196322376,0.433994370298258,0.3188155582755542
2025-08-02,0.306650434770571,0.0,0.0,0.0,0.0,1.0,0.0,0.0,0.0,0.0,0.0,0.0,0.0,1.0,0.0,0.0,0.0,0.0,0.0,0.0,0.0,0.675656261972874,0.222493141208795,0.339957885840472,0.309284153144214,0.3146072789124522
2025-08-03,0.278702644184236,0.0,0.0,0.0,0.0,0.0,1.0,0.0,0.0,0.0,0.0,0.0,0.0,1.0,0.0,0.0,0.0,0.0,0.0,0.0,0.0,0.6628750027453385,0.15737834522407,0.171559442129876,0.200592196322376,0.306254771999782
2025-08-04,0.476076441476186,0.0,0.0,0.0,0.0,0.0,0.0,0.0,0.0,0.0,0.0,0.0,0.0,1.0,0.0,0.0,0.0,0.0,0.0,0.0,0.0,0.6498975881398573,0.209114414172148,0.199674110648044,0.339957885840472,0.306254771999782
2025-08-05,0.485973224859408,1.0,0.0,0.0,0.0,0.0,0.0,0.0,0.0,0.0,0.0,0.0,0.0,1.0,0.0,0.0,0.0,0.0,0.0,0.0,0.0,0.6367278583821974,0.232345985255995,0.257251978657799,0.171559442129876,0.3013328915886964
2025-08-06,0.367484600614141,0.0,1.0,0.0,0.0,0.0,0.0,0.0,0.0,0.0,0.0,0.0,0.0,1.0,0.0,0.0,0.0,0.0,0.0,0.0,0.0,0.6233697106072773,0.306650434770571,0.222493141208795,0.199674110648044,0.29889978837366765
2025-08-07,0.505524868653124,0.0,0.0,1.0,0.0,0.0,0.0,0.0,0.0,0.0,0.0,0.0,0.0,1.0,0.0,0.0,0.0,0.0,0.0,0.0,0.0,0.6098270977059344,0.278702644184236,0.15737834522407,0.257251978657799,0.2954841716697134
2025-08-08,0.281982355561752,0.0,0.0,0.0,1.0,0.0,0.0,0.0,0.0,0.0,0.0,0.0,0.0,1.0,0.0,0.0,0.0,0.0,0.0,0.0,0.0,0.5961040271552042,0.476076441476186,0.209114414172148,0.222493141208795,0.29193251673257
2025-08-09,0.276703320977759,0.0,0.0,0.0,0.0,1.0,0.0,0.0,0.0,0.0,0.0,0.0,0.0,1.0,0.0,0.0,0.0,0.0,0.0,0.0,0.0,0.5822045598324487,0.485973224859408,0.232345985255995,0.15737834522407,0.29193251673257
2025-08-10,0.318927425218211,0.0,0.0,0.0,0.0,0.0,1.0,0.0,0.0,0.0,0.0,0.0,0.0,1.0,0.0,0.0,0.0,0.0,0.0,0.0,0.0,0.568132808813668,0.367484600614141,0.306650434770571,0.209114414172148,0.28310149147852604
2025-08-11,0.638444902425204,0.0,0.0,0.0,0.0,0.0,0.0,0.0,0.0,0.0,0.0,0.0,0.0,1.0,0.0,0.0,0.0,0.0,0.0,0.0,0.0,0.5538929381563814,0.505524868653124,0.278702644184236,0.232345985255995,0.2756884353841222
2025-08-12,0.622828705367319,1.0,0.0,0.0,0.0,0.0,0.0,0.0,0.0,0.0,0.0,0.0,0.0,1.0,0.0,0.0,0.0,0.0,0.0,0.0,0.0,0.539489161667411,0.281982355561752,0.476076441476186,0.306650434770571,0.2756884353841222
2025-08-13,0.516780347186805,0.0,1.0,0.0,0.0,0.0,0.0,0.0,0.0,0.0,0.0,0.0,0.0,1.0,0.0,0.0,0.0,0.0,0.0,0.0,0.0,0.5249257416559601,0.276703320977759,0.485973224859408,0.278702644184236,0.2756884353841222
2025-08-14,0.643482459564931,0.0,0.0,1.0,0.0,0.0,0.0,0.0,0.0,0.0,0.0,0.0,0.0,1.0,0.0,0.0,0.0,0.0,0.0,0.0,0.0,0.5102069876723101,0.318927425218211,0.367484600614141,0.476076441476186,0.2756884353841222
2025-08-15,0.426201686945272,0.0,0.0,0.0,1.0,0.0,0.0,0.0,0.0,0.0,0.0,0.0,0.0,1.0,0.0,0.0,0.0,0.0,0.0,0.0,0.0,0.4953372552325668,0.638444902425204,0.505524868653124,0.485973224859408,0.2756884353841222
2025-08-16,0.245707958456175,0.0,0.0,0.0,0.0,1.0,0.0,0.0,0.0,0.0,0.0,0.0,0.0,1.0,0.0,0.0,0.0,0.0,0.0,0.0,0.0,0.48032094452978846,0.622828705367319,0.281982355561752,0.367484600614141,0.2756884353841222
2025-08-17,0.326800144527621,0.0,0.0,0.0,0.0,0.0,1.0,0.0,0.0,0.0,0.0,0.0,0.0,1.0,0.0,0.0,0.0,0.0,0.0,0.0,0.0,0.4651624991319044,0.516780347186805,0.276703320977759,0.505524868653124,0.2774497792449328
2025-08-18,0.454273312459968,0.0,0.0,0.0,0.0,0.0,0.0,0.0,0.0,0.0,0.0,0.0,0.0,1.0,0.0,0.0,0.0,0.0,0.0,0.0,0.0,0.44986640466678224,0.643482459564931,0.318927425218211,0.281982355561752,0.2774497792449328
2025-08-19,0.559078576458788,1.0,0.0,0.0,0.0,0.0,0.0,0.0,0.0,0.0,0.0,0.0,0.0,1.0,0.0,0.0,0.0,0.0,0.0,0.0,0.0,0.4344371874948631,0.426201686945272,0.638444902425204,0.276703320977759,0.2762501853210466
2025-08-20,0.543991456212149,0.0,1.0,0.0,0.0,0.0,0.0,0.0,0.0,0.0,0.0,0.0,0.0,1.0,0.0,0.0,0.0,0.0,0.0,0.0,0.0,0.4188794133697436,0.245707958456175,0.622828705367319,0.318927425218211,0.2762501853210466
2025-08-21,0.563755690585592,0.0,0.0,1.0,0.0,0.0,0.0,0.0,0.0,0.0,0.0,0.0,0.0,1.0,0.0,0.0,0.0,0.0,0.0,0.0,0.0,0.4031976860870862,0.326800144527621,0.516780347186805,0.638444902425204,0.2762501853210466
2025-08-22,0.336397621229022,0.0,0.0,0.0,1.0,0.0,0.0,0.0,0.0,0.0,0.0,0.0,0.0,1.0,0.0,0.0,0.0,0.0,0.0,0.0,0.0,0.3873966461222887,0.454273312459968,0.643482459564931,0.622828705367319,0.2762501853210466
2025-08-23,0.454425014551715,0.0,0.0,0.0,0.0,1.0,0.0,0.0,0.0,0.0,0.0,0.0,0.0,1.0,0.0,0.0,0.0,0.0,0.0,0.0,0.0,0.37148096925728924,0.559078576458788,0.426201686945272,0.516780347186805,0.2762501853210466
2025-08-24,0.353125923785798,0.0,0.0,0.0,0.0,0.0,1.0,0.0,0.0,0.0,0.0,0.0,0.0,1.0,0.0,0.0,0.0,0.0,0.0,0.0,0.0,0.3554553651969341,0.543991456212149,0.245707958456175,0.643482459564931,0.2762501853210466
2025-08-25,0.741496048580319,0.0,0.0,0.0,0.0,0.0,0.0,0.0,0.0,0.0,0.0,0.0,0.0,1.0,0.0,0.0,0.0,0.0,1.0,0.0,0.0,0.33932457617529027,0.563755690585592,0.326800144527621,0.426201686945272,0.2762501853210466
2025-08-26,0.985921961023775,1.0,0.0,0.0,0.0,0.0,0.0,0.0,0.0,0.0,0.0,0.0,0.0,1.0,0.0,0.0,0.0,0.0,0.0,1.0,0.0,0.3230933755523487,0.336397621229022,0.454273312459968,0.245707958456175,0.2733438908966234
2025-08-27,0.849938475444844,0.0,1.0,0.0,0.0,0.0,0.0,0.0,0.0,0.0,0.0,0.0,0.0,1.0,0.0,0.0,0.0,0.0,0.0,0.0,0.0,0.30676656640150524,0.454425014551715,0.559078576458788,0.326800144527621,0.2733438908966234
2025-08-28,1.15914447488168,0.0,0.0,1.0,0.0,0.0,0.0,0.0,0.0,0.0,0.0,0.0,0.0,1.0,0.0,0.0,0.0,0.0,0.0,0.0,0.0,0.2903489800882674,0.353125923785798,0.543991456212149,0.454273312459968,0.2733438908966234
2025-08-29,0.910200899041912,0.0,0.0,0.0,1.0,0.0,0.0,0.0,0.0,0.0,0.0,0.0,0.0,1.0,0.0,0.0,0.0,0.0,0.0,0.0,0.0,0.27384547484055566,0.741496048580319,0.563755690585592,0.559078576458788,0.2733438908966234
2025-08-30,0.542595903874372,0.0,0.0,0.0,0.0,1.0,0.0,0.0,0.0,0.0,0.0,0.0,0.0,1.0,0.0,0.0,0.0,0.0,0.0,0.0,0.0,0.25726093431108676,0.985921961023775,0.336397621229022,0.543991456212149,0.2733438908966234
2025-08-31,0.639993976858577,0.0,0.0,0.0,0.0,0.0,1.0,0.0,0.0,0.0,0.0,0.0,0.0,1.0,0.0,0.0,0.0,0.0,0.0,0.0,0.0,0.24060026613222654,0.849938475444844,0.454425014551715,0.563755690585592,0.2733438908966234
2025-09-01,0.623474353020507,0.0,0.0,0.0,0.0,0.0,0.0,0.0,0.0,0.0,0.0,0.0,0.0,0.0,1.0,0.0,0.0,0.0,0.0,0.0,0.0,0.22386840046373174,1.15914447488168,0.353125923785798,0.336397621229022,0.2733438908966234
2025-09-02,0.581752105177687,1.0,0.0,0.0,0.0,0.0,0.0,0.0,0.0,0.0,0.0,0.0,0.0,0.0,1.0,0.0,0.0,0.0,0.0,0.0,0.0,0.20707028853384346,0.910200899041912,0.741496048580319,0.454425014551715,0.2733438908966234
2025-09-03,0.490404852024409,0.0,1.0,0.0,0.0,0.0,0.0,0.0,0.0,0.0,0.0,0.0,0.0,0.0,1.0,0.0,0.0,0.0,0.0,0.0,0.0,0.19021090117413572,0.542595903874372,0.985921961023775,0.353125923785798,0.2779029149016452
2025-09-04,0.528204124131673,0.0,0.0,1.0,0.0,0.0,0.0,0.0,0.0,0.0,0.0,0.0,0.0,0.0,1.0,0.0,0.0,0.0,0.0,0.0,0.0,0.17329522734857314,0.639993976858577,0.849938475444844,0.741496048580319,0.2779029149016452
2025-09-05,0.308821672841515,0.0,0.0,0.0,1.0,0.0,0.0,0.0,0.0,0.0,0.0,0.0,0.0,0.0,1.0,0.0,0.0,0.0,0.0,0.0,0.0,0.156328272677186,0.623474353020507,1.15914447488168,0.985921961023775,0.2779029149016452
2025-09-06,0.308243051347703,0.0,0.0,0.0,0.0,1.0,0.0,0.0,0.0,0.0,0.0,0.0,0.0,0.0,1.0,0.0,0.0,0.0,0.0,0.0,0.0,0.13931505795483362,0.581752105177687,0.910200899041912,0.849938475444844,0.2779029149016452
2025-09-07,0.354772927588673,0.0,0.0,0.0,0.0,0.0,1.0,0.0,0.0,0.0,0.0,0.0,0.0,0.0,1.0,0.0,0.0,0.0,0.0,0.0,0.0,0.12226061766546514,0.490404852024409,0.542595903874372,1.15914447488168,0.2779029149016452
2025-09-08,0.598566963742342,0.0,0.0,0.0,0.0,0.0,0.0,0.0,0.0,0.0,0.0,0.0,0.0,0.0,1.0,0.0,0.0,0.0,0.0,0.0,0.0,0.10516999849235054,0.528204124131673,0.639993976858577,0.910200899041912,0.2779029149016452
2025-09-09,0.647989714462153,1.0,0.0,0.0,0.0,0.0,0.0,0.0,0.0,0.0,0.0,0.0,0.0,0.0,1.0,0.0,0.0,0.0,0.0,0.0,0.0,0.08804825782465771,0.308821672841515,0.623474353020507,0.542595903874372,0.2779029149016452
2025-09-10,0.59319700846454,0.0,1.0,0.0,0.0,0.0,0.0,0.0,0.0,0.0,0.0,0.0,0.0,0.0,1.0,0.0,0.0,0.0,0.0,0.0,0.0,0.07090046226091078,0.308243051347703,0.581752105177687,0.639993976858577,0.2779029149016452
2025-09-11,0.602715514384714,0.0,0.0,1.0,0.0,0.0,0.0,0.0,0.0,0.0,0.0,0.0,0.0,0.0,1.0,0.0,0.0,0.0,0.0,0.0,0.0,0.05373168610970562,0.354772927588673,0.490404852024409,0.623474353020507,0.2779029149016452
2025-09-12,0.565018730095832,0.0,0.0,0.0,1.0,0.0,0.0,0.0,0.0,0.0,0.0,0.0,0.0,0.0,1.0,0.0,0.0,0.0,0.0,0.0,0.0,0.03654700988812091,0.598566963742342,0.528204124131673,0.581752105177687,0.2779029149016452
2025-09-13,0.302316466429125,0.0,0.0,0.0,0.0,1.0,0.0,0.0,0.0,0.0,0.0,0.0,0.0,0.0,1.0,0.0,0.0,0.0,0.0,0.0,0.0,0.019351518818325447,0.647989714462153,0.308821672841515,0.490404852024409,0.2779029149016452
2025-09-14,0.448065881233407,0.0,0.0,0.0,0.0,0.0,1.0,0.0,0.0,0.0,0.0,0.0,0.0,0.0,1.0,0.0,0.0,0.0,0.0,0.0,0.0,0.0021503013227738687,0.59319700846454,0.308243051347703,0.528204124131673,0.2779029149016452
2025-09-15,0.745564149802434,0.0,0.0,0.0,0.0,0.0,0.0,0.0,0.0,0.0,0.0,0.0,0.0,0.0,1.0,0.0,0.0,0.0,0.0,0.0,0.0,-0.015051552481532364,0.602715514384714,0.354772927588673,0.308821672841515,0.2779029149016452
2025-09-16,0.644484787541325,1.0,0.0,0.0,0.0,0.0,0.0,0.0,0.0,0.0,0.0,0.0,0.0,0.0,1.0,0.0,0.0,0.0,0.0,0.0,0.0,-0.03224895228930312,0.565018730095832,0.598566963742342,0.308243051347703,0.2779029149016452
2025-09-17,0.323688945781599,0.0,1.0,0.0,0.0,0.0,0.0,0.0,0.0,0.0,0.0,0.0,0.0,0.0,1.0,0.0,0.0,0.0,0.0,0.0,0.0,-0.049436809113255716,0.302316466429125,0.647989714462153,0.354772927588673,0.2779029149016452
2025-09-18,0.205594083474136,0.0,0.0,1.0,0.0,0.0,0.0,0.0,0.0,0.0,0.0,0.0,0.0,0.0,1.0,0.0,0.0,0.0,0.0,0.0,0.0,-0.06661003679003169,0.448065881233407,0.59319700846454,0.598566963742342,0.2779029149016452
2025-09-19,0.258933872838947,0.0,0.0,0.0,1.0,0.0,0.0,0.0,0.0,0.0,0.0,0.0,0.0,0.0,1.0,0.0,0.0,0.0,0.0,0.0,0.0,-0.08376355348526729,0.745564149802434,0.602715514384714,0.647989714462153,0.2779029149016452
2025-09-20,0.580208022443659,0.0,0.0,0.0,0.0,1.0,0.0,0.0,0.0,0.0,0.0,0.0,0.0,0.0,1.0,0.0,0.0,0.0,0.0,0.0,0.0,-0.10089228319740061,0.644484787541325,0.565018730095832,0.59319700846454,0.2779029149016452
2025-09-21,0.492206149926811,0.0,0.0,0.0,0.0,0.0,1.0,0.0,0.0,0.0,0.0,0.0,0.0,0.0,1.0,0.0,0.0,0.0,0.0,0.0,0.0,-0.11799115725973859,0.323688945781599,0.302316466429125,0.602715514384714,0.2806704710107456
2025-09-22,0.617993349326274,0.0,0.0,0.0,0.0,0.0,0.0,0.0,0.0,0.0,0.0,0.0,0.0,0.0,1.0,0.0,0.0,0.0,0.0,0.0,0.0,-0.1350551158403447,0.205594083474136,0.448065881233407,0.565018730095832,0.2806704710107456
2025-09-23,0.519839808114519,1.0,0.0,0.0,0.0,0.0,0.0,0.0,0.0,0.0,0.0,0.0,0.0,0.0,1.0,0.0,0.0,0.0,0.0,0.0,0.0,-0.15207910943934577,0.258933872838947,0.745564149802434,0.302316466429125,0.29418282208217583
2025-09-24,0.790920806526554,0.0,1.0,0.0,0.0,0.0,0.0,0.0,0.0,0.0,0.0,0.0,0.0,0.0,1.0,0.0,0.0,0.0,0.0,0.0,0.0,-0.16905810038314617,0.580208022443659,0.644484787541325,0.448065881233407,0.3049168474339926
2025-09-25,0.534154086999175,0.0,0.0,1.0,0.0,0.0,0.0,0.0,0.0,0.0,0.0,0.0,0.0,0.0,1.0,0.0,0.0,0.0,0.0,0.0,0.0,-0.18598706431516163,0.492206149926811,0.323688945781599,0.745564149802434,0.30760600471685023
2025-09-26,0.191120737344459,0.0,0.0,0.0,1.0,0.0,0.0,0.0,0.0,0.0,0.0,0.0,0.0,0.0,1.0,0.0,0.0,0.0,0.0,0.0,0.0,-0.20286099168260036,0.617993349326274,0.205594083474136,0.644484787541325,0.30859022424399024
2025-09-27,0.356360668073006,0.0,0.0,0.0,0.0,1.0,0.0,0.0,0.0,0.0,0.0,0.0,0.0,0.0,1.0,0.0,0.0,0.0,0.0,0.0,0.0,-0.21967488921888068,0.519839808114519,0.258933872838947,0.323688945781599,0.3148851242675326
2025-09-28,0.655141532864489,0.0,0.0,0.0,0.0,0.0,1.0,0.0,0.0,0.0,0.0,0.0,0.0,0.0,1.0,0.0,0.0,0.0,0.0,0.0,0.0,-0.23642378142121204,0.790920806526554,0.580208022443659,0.205594083474136,0.3148851242675326
2025-09-29,1.26217303982071,0.0,0.0,0.0,0.0,0.0,0.0,0.0,0.0,0.0,0.0,0.0,0.0,0.0,1.0,0.0,0.0,0.0,0.0,0.0,0.0,-0.25310271202292967,0.534154086999175,0.492206149926811,0.258933872838947,0.3148851242675326
2025-09-30,0.602452885439525,1.0,0.0,0.0,0.0,0.0,0.0,0.0,0.0,0.0,0.0,0.0,0.0,0.0,1.0,0.0,0.0,0.0,0.0,0.0,0.0,-0.26970674546012696,0.191120737344459,0.617993349326274,0.580208022443659,0.3217843375562438
2025-10-01,1.0476747211698,0.0,1.0,0.0,0.0,0.0,0.0,0.0,0.0,0.0,0.0,0.0,0.0,0.0,0.0,1.0,0.0,0.0,0.0,0.0,0.0,-0.28623096833217826,0.356360668073006,0.519839808114519,0.492206149926811,0.32555566502921224
2025-10-02,0.752500871039409,0.0,0.0,1.0,0.0,0.0,0.0,0.0,0.0,0.0,0.0,0.0,0.0,0.0,0.0,1.0,0.0,0.0,0.0,0.0,0.0,-0.30267049085569003,0.655141532864489,0.790920806526554,0.617993349326274,0.32555566502921224
2025-10-03,0.61371069495309,0.0,0.0,0.0,1.0,0.0,0.0,0.0,0.0,0.0,0.0,0.0,0.0,0.0,0.0,1.0,0.0,0.0,0.0,0.0,0.0,-0.3190204483114526,1.26217303982071,0.534154086999175,0.519839808114519,0.32555566502921224
2025-10-04,0.712399973814493,0.0,0.0,0.0,0.0,1.0,0.0,0.0,0.0,0.0,0.0,0.0,0.0,0.0,0.0,1.0,0.0,0.0,0.0,0.0,0.0,-0.3352760024840176,0.602452885439525,0.191120737344459,0.790920806526554,0.32555566502921224
2025-10-05,0.889759765444752,0.0,0.0,0.0,0.0,0.0,1.0,0.0,0.0,0.0,0.0,0.0,0.0,0.0,0.0,1.0,0.0,0.0,0.0,0.0,0.0,-0.3514323430933722,1.0476747211698,0.356360668073006,0.534154086999175,0.32555566502921224
2025-10-06,1.43894498155524,0.0,0.0,0.0,0.0,0.0,0.0,0.0,0.0,0.0,0.0,0.0,0.0,0.0,0.0,1.0,0.0,0.0,0.0,0.0,0.0,-0.367484689218406,0.752500871039409,0.655141532864489,0.191120737344459,0.32555566502921224
2025-10-07,1.10305417747159,1.0,0.0,0.0,0.0,0.0,0.0,0.0,0.0,0.0,0.0,0.0,0.0,0.0,0.0,1.0,0.0,0.0,0.0,0.0,0.0,-0.3834282907116399,0.61371069495309,1.26217303982071,0.356360668073006,0.33255863054846163
2025-10-08,0.574217117723742,0.0,1.0,0.0,0.0,0.0,0.0,0.0,0.0,0.0,0.0,0.0,0.0,0.0,0.0,1.0,0.0,0.0,0.0,0.0,0.0,-0.39925842960488095,0.712399973814493,0.602452885439525,0.655141532864489,0.34643460276308763
2025-10-09,0.599839038907062,0.0,0.0,1.0,0.0,0.0,0.0,0.0,0.0,0.0,0.0,0.0,0.0,0.0,0.0,1.0,0.0,0.0,0.0,0.0,0.0,-0.41497042150535474,0.889759765444752,1.0476747211698,1.26217303982071,0.34643460276308763
2025-10-10,0.74775016055972,0.0,0.0,0.0,1.0,0.0,0.0,0.0,0.0,0.0,0.0,0.0,0.0,0.0,0.0,1.0,0.0,0.0,0.0,0.0,0.0,-0.430559616981873,1.43894498155524,0.752500871039409,0.602452885439525,0.34643460276308763
2025-10-11,0.626971247734249,0.0,0.0,0.0,0.0,1.0,0.0,0.0,0.0,0.0,0.0,0.0,0.0,0.0,0.0,1.0,0.0,0.0,0.0,0.0,0.0,-0.44602140294068493,1.10305417747159,0.61371069495309,1.0476747211698,0.34643460276308763
2025-10-12,0.472511160536568,0.0,0.0,0.0,0.0,0.0,1.0,0.0,0.0,0.0,0.0,0.0,0.0,0.0,0.0,1.0,0.0,0.0,0.0,0.0,0.0,-0.46135120399057555,0.574217117723742,0.712399973814493,0.752500871039409,0.34643460276308763
2025-10-13,0.68272099599775,0.0,0.0,0.0,0.0,0.0,0.0,0.0,0.0,0.0,0.0,0.0,0.0,0.0,0.0,1.0,0.0,0.0,0.0,0.0,0.0,-0.4765444837967782,0.599839038907062,0.889759765444752,0.61371069495309,0.34643460276308763
2025-10-14,0.781543642211112,1.0,0.0,0.0,0.0,0.0,0.0,0.0,0.0,0.0,0.0,0.0,0.0,0.0,0.0,1.0,0.0,0.0,0.0,0.0,0.0,-0.49159674642336193,0.74775016055972,1.43894498155524,0.712399973814493,0.354114126067523
2025-10-15,0.655644889201114,0.0,1.0,0.0,0.0,0.0,0.0,0.0,0.0,0.0,0.0,0.0,0.0,0.0,0.0,1.0,0.0,0.0,0.0,0.0,0.0,-0.5065035376636448,0.626971247734249,1.10305417747159,0.889759765444752,0.3557255718792728
2025-10-16,0.588607042457841,0.0,0.0,1.0,0.0,0.0,0.0,0.0,0.0,0.0,0.0,0.0,0.0,0.0,0.0,1.0,0.0,0.0,0.0,0.0,0.0,-0.5212604463582775,0.472511160536568,0.574217117723742,1.43894498155524,0.3557255718792728
2025-10-17,1.28238687389274,0.0,0.0,0.0,1.0,0.0,0.0,0.0,0.0,0.0,0.0,0.0,0.0,0.0,0.0,1.0,0.0,0.0,0.0,0.0,0.0,-0.5358631057005588,0.68272099599775,0.599839038907062,1.10305417747159,0.3557255718792728
2025-10-18,0.644641544932687,0.0,0.0,0.0,0.0,1.0,0.0,0.0,0.0,0.0,0.0,0.0,0.0,0.0,0.0,1.0,0.0,0.0,0.0,0.0,0.0,-0.550307194528652,0.781543642211112,0.74775016055972,0.574217117723742,0.3557255718792728
2025-10-19,0.821646282371736,0.0,0.0,0.0,0.0,0.0,1.0,0.0,0.0,0.0,0.0,0.0,0.0,0.0,0.0,1.0,0.0,0.0,0.0,0.0,0.0,-0.5645884386042955,0.655644889201114,0.626971247734249,0.599839038907062,0.3557255718792728
2025-10-20,1.06956239343153,0.0,0.0,0.0,0.0,0.0,0.0,0.0,0.0,0.0,0.0,0.0,0.0,0.0,0.0,1.0,0.0,0.0,0.0,0.0,0.0,-0.5787026118775987,0.588607042457841,0.472511160536568,0.74775016055972,0.41138379596924673
2025-10-21,1.49429521002559,1.0,0.0,0.0,0.0,0.0,0.0,0.0,0.0,0.0,0.0,0.0,0.0,0.0,0.0,1.0,0.0,0.0,0.0,0.0,0.0,-0.5926455377376205,1.28238687389274,0.68272099599775,0.626971247734249,0.41138379596924673
2025-10-22,0.990587640004457,0.0,1.0,0.0,0.0,0.0,0.0,0.0,0.0,0.0,0.0,0.0,0.0,0.0,0.0,1.0,0.0,0.0,0.0,0.0,0.0,-0.6064130902482758,0.644641544932687,0.781543642211112,0.472511160536568,0.46273304881530364
2025-10-23,0.581282121177833,0.0,0.0,1.0,0.0,0.0,0.0,0.0,0.0,0.0,0.0,0.0,0.0,0.0,0.0,1.0,0.0,0.0,0.0,0.0,0.0,-0.6200011953692753,0.821646282371736,0.655644889201114,0.68272099599775,0.46273304881530364
2025-10-24,0.802310445049521,0.0,0.0,0.0,1.0,0.0,0.0,0.0,0.0,0.0,0.0,0.0,0.0,0.0,0.0,1.0,0.0,0.0,0.0,0.0,0.0,-0.6334058321617079,1.06956239343153,0.588607042457841,0.781543642211112,0.46273304881530364
2025-10-25,0.868202125245076,0.0,0.0,0.0,0.0,1.0,0.0,0.0,0.0,0.0,0.0,0.0,0.0,0.0,0.0,1.0,0.0,0.0,0.0,0.0,0.0,-0.6466230339778838,1.49429521002559,1.28238687389274,0.655644889201114,0.46273304881530364
2025-10-26,0.862244708692868,0.0,0.0,0.0,0.0,0.0,1.0,0.0,0.0,0.0,0.0,0.0,0.0,0.0,0.0,1.0,0.0,0.0,0.0,0.0,0.0,-0.6596488896351387,0.990587640004457,0.644641544932687,0.588607042457841,0.46273304881530364
2025-10-27,1.21416290907099,0.0,0.0,0.0,0.0,0.0,0.0,0.0,0.0,0.0,0.0,0.0,0.0,0.0,0.0,1.0,0.0,0.0,0.0,0.0,0.0,-0.6724795445732231,0.581282121177833,0.821646282371736,1.28238687389274,0.46273304881530364
2025-10-28,1.28061505540497,1.0,0.0,0.0,0.0,0.0,0.0,0.0,0.0,0.0,0.0,0.0,0.0,0.0,0.0,1.0,0.0,0.0,0.0,0.0,0.0,-0.6851112019949128,0.802310445049521,1.06956239343153,0.644641544932687,0.46273304881530364
2025-10-29,1.39441254580337,0.0,1.0,0.0,0.0,0.0,0.0,0.0,0.0,0.0,0.0,0.0,0.0,0.0,0.0,1.0,0.0,0.0,0.0,0.0,0.0,-0.6975401239895528,0.868202125245076,1.49429521002559,0.821646282371736,0.46273304881530364
2025-10-30,1.19321489680427,0.0,0.0,1.0,0.0,0.0,0.0,0.0,0.0,0.0,0.0,0.0,0.0,0.0,0.0,1.0,0.0,0.0,0.0,0.0,0.0,-0.7097626326391603,0.862244708692868,0.990587640004457,1.06956239343153,0.46273304881530364
2025-10-31,0.799080391945611,0.0,0.0,0.0,1.0,0.0,0.0,0.0,0.0,0.0,0.0,0.0,0.0,0.0,0.0,1.0,0.0,0.0,0.0,0.0,0.0,-0.7217751111067897,1.21416290907099,0.581282121177833,1.49429521002559,0.46273304881530364
2025-11-01,0.709691621395236,0.0,0.0,0.0,0.0,1.0,0.0,0.0,0.0,0.0,0.0,0.0,0.0,0.0,0.0,0.0,1.0,0.0,0.0,0.0,0.0,-0.7335740047067976,1.28061505540497,0.802310445049521,0.990587640004457,0.46273304881530364
2025-11-02,0.967436670462737,0.0,0.0,0.0,0.0,0.0,1.0,0.0,0.0,0.0,0.0,0.0,0.0,0.0,0.0,0.0,1.0,0.0,0.0,0.0,0.0,-0.7451558219567395,1.39441254580337,0.868202125245076,0.581282121177833,0.46273304881530364
2025-11-03,1.08876597177535,0.0,0.0,0.0,0.0,0.0,0.0,0.0,0.0,0.0,0.0,0.0,0.0,0.0,0.0,0.0,1.0,0.0,0.0,0.0,0.0,-0.7565171356105624,1.19321489680427,0.862244708692868,0.802310445049521,0.48432815417071384
2025-11-04,1.03137675277806,1.0,0.0,0.0,0.0,0.0,0.0,0.0,0.0,0.0,0.0,0.0,0.0,0.0,0.0,0.0,1.0,0.0,0.0,0.0,0.0,-0.7676545836727677,0.799080391945611,1.21416290907099,0.868202125245076,0.5087863448394359
2025-11-05,0.768355089196299,0.0,1.0,0.0,0.0,0.0,0.0,0.0,0.0,0.0,0.0,0.0,0.0,0.0,0.0,0.0,1.0,0.0,0.0,0.0,0.0,-0.7785648703932875,0.709691621395236,1.28061505540497,0.862244708692868,0.5284283754453126
2025-11-06,0.638542232170941,0.0,0.0,1.0,0.0,0.0,0.0,0.0,0.0,0.0,0.0,0.0,0.0,0.0,0.0,0.0,1.0,0.0,0.0,0.0,0.0,-0.7892447672427557,0.967436670462737,1.39441254580337,1.21416290907099,0.5284283754453126
2025-11-07,0.608616450415053,0.0,0.0,0.0,1.0,0.0,0.0,0.0,0.0,0.0,0.0,0.0,0.0,0.0,0.0,0.0,1.0,0.0,0.0,0.0,0.0,-0.7996911138678674,1.08876597177535,1.19321489680427,1.28061505540497,0.5284283754453126
2025-11-08,0.453012916660016,0.0,0.0,0.0,0.0,1.0,0.0,0.0,0.0,0.0,0.0,0.0,0.0,0.0,0.0,0.0,1.0,0.0,0.0,0.0,0.0,-0.8099008190265968,1.03137675277806,0.799080391945611,1.39441254580337,0.5284283754453126
2025-11-09,0.306309069284345,0.0,0.0,0.0,0.0,0.0,1.0,0.0,0.0,0.0,0.0,0.0,0.0,0.0,0.0,0.0,1.0,0.0,0.0,0.0,0.0,-0.819870861502921,0.768355089196299,0.709691621395236,1.19321489680427,0.5284283754453126
2025-11-10,0.652520032841009,0.0,0.0,0.0,0.0,0.0,0.0,0.0,0.0,0.0,0.0,0.0,0.0,0.0,0.0,0.0,1.0,0.0,0.0,0.0,0.0,-0.8295982910008727,0.638542232170941,0.967436670462737,0.799080391945611,0.5284283754453126
2025-11-11,0.670079013144277,1.0,0.0,0.0,0.0,0.0,0.0,0.0,0.0,0.0,0.0,0.0,0.0,0.0,0.0,0.0,1.0,0.0,0.0,0.0,0.0,-0.8390802290175681,0.608616450415053,1.08876597177535,0.709691621395236,0.5581919054339153
2025-11-12,0.853258891118797,0.0,1.0,0.0,0.0,0.0,0.0,0.0,0.0,0.0,0.0,0.0,0.0,0.0,0.0,0.0,1.0,0.0,0.0,0.0,0.0,-0.8483138696949906,0.453012916660016,1.03137675277806,0.967436670462737,0.5778116605556922
2025-11-13,1.05781901216886,0.0,0.0,1.0,0.0,0.0,0.0,0.0,0.0,0.0,0.0,0.0,0.0,0.0,0.0,0.0,1.0,0.0,0.0,0.0,0.0,-0.8572964806503143,0.306309069284345,0.768355089196299,1.08876597177535,0.5778116605556922
2025-11-14,0.963463667151889,0.0,0.0,0.0,1.0,0.0,0.0,0.0,0.0,0.0,0.0,0.0,0.0,0.0,0.0,0.0,1.0,0.0,0.0,0.0,0.0,-0.8660254037844377,0.652520032841009,0.638542232170941,1.03137675277806,0.5778116605556922
2025-11-15,0.40220801046902,0.0,0.0,0.0,0.0,1.0,0.0,0.0,0.0,0.0,0.0,0.0,0.0,0.0,0.0,0.0,1.0,0.0,0.0,0.0,0.0,-0.8744980560685742,0.670079013144277,0.608616450415053,0.768355089196299,0.5808524816841634
2025-11-16,0.45878668926139,0.0,0.0,0.0,0.0,0.0,1.0,0.0,0.0,0.0,0.0,0.0,0.0,0.0,0.0,0.0,1.0,0.0,0.0,0.0,0.0,-0.8827119303085991,0.853258891118797,0.453012916660016,0.638542232170941,0.5856770739458378
2025-11-17,0.68262471360032,0.0,0.0,0.0,0.0,0.0,0.0,0.0,0.0,0.0,0.0,0.0,0.0,0.0,0.0,0.0,1.0,0.0,0.0,0.0,0.0,-0.8906645958869747,1.05781901216886,0.306309069284345,0.608616450415053,0.5953462403273736
2025-11-18,0.566168291023244,1.0,0.0,0.0,0.0,0.0,0.0,0.0,0.0,0.0,0.0,0.0,0.0,0.0,0.0,0.0,1.0,0.0,0.0,0.0,0.0,-0.8983536994820134,0.963463667151889,0.652520032841009,0.453012916660016,0.5953462403273736
2025-11-19,0.658446423209274,0.0,1.0,0.0,0.0,0.0,0.0,0.0,0.0,0.0,0.0,0.0,0.0,0.0,0.0,0.0,1.0,0.0,0.0,0.0,0.0,-0.9057769657642543,0.40220801046902,0.670079013144277,0.306309069284345,0.5953462403273736
2025-11-20,0.454523207793089,0.0,0.0,1.0,0.0,0.0,0.0,0.0,0.0,0.0,0.0,0.0,0.0,0.0,0.0,0.0,1.0,0.0,0.0,0.0,0.0,-0.9129321980697738,0.45878668926139,0.853258891118797,0.652520032841009,0.5953462403273736
2025-11-21,0.268541575067708,0.0,0.0,0.0,1.0,0.0,0.0,0.0,0.0,0.0,0.0,0.0,0.0,0.0,0.0,0.0,1.0,0.0,0.0,0.0,0.0,-0.9198172790502193,0.68262471360032,1.05781901216886,0.670079013144277,0.6014073468265398
2025-11-22,0.275035338329729,0.0,0.0,0.0,0.0,1.0,0.0,0.0,0.0,0.0,0.0,0.0,0.0,0.0,0.0,0.0,1.0,0.0,0.0,0.0,0.0,-0.9264301712993567,0.566168291023244,0.963463667151889,0.853258891118797,0.6014073468265398
2025-11-23,0.551764743675596,0.0,0.0,0.0,0.0,0.0,1.0,0.0,0.0,0.0,0.0,0.0,0.0,0.0,0.0,0.0,1.0,0.0,0.0,0.0,0.0,-0.9327689179559784,0.658446423209274,0.40220801046902,1.05781901216886,0.6061510244248418
2025-11-24,1.00922525304513,0.0,0.0,0.0,0.0,0.0,0.0,0.0,0.0,0.0,0.0,0.0,0.0,0.0,0.0,0.0,1.0,0.0,0.0,0.0,0.0,-0.9388316432829669,0.454523207793089,0.45878668926139,0.963463667151889,0.6116729971378753
2025-11-25,1.06742007753012,1.0,0.0,0.0,0.0,0.0,0.0,0.0,0.0,0.0,0.0,0.0,0.0,0.0,0.0,0.0,1.0,0.0,0.0,0.0,0.0,-0.9446165532223592,0.268541575067708,0.68262471360032,0.40220801046902,0.6116729971378753
2025-11-26,0.915253450077711,0.0,1.0,0.0,0.0,0.0,0.0,0.0,0.0,0.0,0.0,0.0,0.0,0.0,0.0,0.0,1.0,0.0,0.0,0.0,0.0,-0.9501219359262363,0.275035338329729,0.566168291023244,0.45878668926139,0.6061510244248418
2025-11-27,0.916540041694941,0.0,0.0,1.0,0.0,0.0,0.0,0.0,0.0,0.0,0.0,0.0,0.0,0.0,0.0,0.0,1.0,0.0,0.0,0.0,0.0,-0.9553461622632786,0.551764743675596,0.658446423209274,0.68262471360032,0.6061510244248418
2025-11-28,1.05288963088908,0.0,0.0,0.0,1.0,0.0,0.0,0.0,0.0,0.0,0.0,0.0,0.0,0.0,0.0,0.0,1.0,0.0,0.0,0.0,0.0,-0.9602876863008665,1.00922525304513,0.454523207793089,0.566168291023244,0.6051054858118566
2025-11-29,0.670298674047353,0.0,0.0,0.0,0.0,1.0,0.0,0.0,0.0,0.0,0.0,0.0,0.0,0.0,0.0,0.0,1.0,0.0,0.0,0.0,0.0,-0.9649450457625336,1.06742007753012,0.268541575067708,0.658446423209274,0.6051054858118566
2025-11-30,1.17077683041327,0.0,0.0,0.0,0.0,0.0,1.0,0.0,0.0,0.0,0.0,0.0,0.0,0.0,0.0,0.0,1.0,0.0,0.0,0.0,0.0,-0.9693168624606876,0.915253450077711,0.275035338329729,0.454523207793089,0.5953462403273736
2025-12-01,1.14190985321147,0.0,0.0,0.0,0.0,0.0,0.0,0.0,0.0,0.0,0.0,0.0,0.0,0.0,0.0,0.0,0.0,1.0,0.0,0.0,0.0,-0.9734018427044308,0.916540041694941,0.551764743675596,0.268541575067708,0.5856770739458378
2025-12-02,1.51566660494456,1.0,0.0,0.0,0.0,0.0,0.0,0.0,0.0,0.0,0.0,0.0,0.0,0.0,0.0,0.0,0.0,1.0,0.0,0.0,0.0,-0.977198777682387,1.05288963088908,1.00922525304513,0.275035338329729,0.5784561197961966
2025-12-03,0.973846768044603,0.0,1.0,0.0,0.0,0.0,0.0,0.0,0.0,0.0,0.0,0.0,0.0,0.0,0.0,0.0,0.0,1.0,0.0,0.0,0.0,-0.9807065438204114,0.670298674047353,1.06742007753012,0.551764743675596,0.5709975870435428
2025-12-04,0.770572409545798,0.0,0.0,1.0,0.0,0.0,0.0,0.0,0.0,0.0,0.0,0.0,0.0,0.0,0.0,0.0,0.0,1.0,0.0,0.0,0.0,-0.9839241031140682,1.17077683041327,0.915253450077711,1.00922525304513,0.5709975870435428
2025-12-05,1.10811103478837,0.0,0.0,0.0,1.0,0.0,0.0,0.0,0.0,0.0,0.0,0.0,0.0,0.0,0.0,0.0,0.0,1.0,0.0,0.0,0.0,-0.9868505034357962,1.14190985321147,0.916540041694941,1.06742007753012,0.5709975870435428
2025-12-06,0.66263028161423,0.0,0.0,0.0,0.0,1.0,0.0,0.0,0.0,0.0,0.0,0.0,0.0,0.0,0.0,0.0,0.0,1.0,0.0,0.0,0.0,-0.9894848788166603,1.51566660494456,1.05288963088908,0.915253450077711,0.5752365891159974
2025-12-07,1.14330190930574,0.0,0.0,0.0,0.0,0.0,1.0,0.0,0.0,0.0,0.0,0.0,0.0,0.0,0.0,0.0,0.0,1.0,0.0,0.0,0.0,-0.9918264497026016,0.973846768044603,0.670298674047353,0.916540041694941,0.5752365891159974
2025-12-08,1.32821326721801,0.0,0.0,0.0,0.0,0.0,0.0,0.0,0.0,0.0,0.0,0.0,0.0,0.0,0.0,0.0,0.0,1.0,0.0,0.0,0.0,-0.9938745231851226,0.770572409545798,1.17077683041327,1.05288963088908,0.5752365891159974
2025-12-09,1.54466011201251,1.0,0.0,0.0,0.0,0.0,0.0,0.0,0.0,0.0,0.0,0.0,0.0,0.0,0.0,0.0,0.0,1.0,0.0,0.0,0.0,-0.9956284932063293,1.10811103478837,1.14190985321147,0.670298674047353,0.5752365891159974
2025-12-10,1.21132767517018,0.0,1.0,0.0,0.0,0.0,0.0,0.0,0.0,0.0,0.0,0.0,0.0,0.0,0.0,0.0,0.0,1.0,0.0,0.0,0.0,-0.9970878407382744,0.66263028161423,1.51566660494456,1.17077683041327,0.5856770739458378
2025-12-11,0.859918092433246,0.0,0.0,1.0,0.0,0.0,0.0,0.0,0.0,0.0,0.0,0.0,0.0,0.0,0.0,0.0,0.0,1.0,0.0,0.0,0.0,-0.9982521339365442,1.14330190930574,0.973846768044603,1.14190985321147,0.5856770739458378
2025-12-12,0.890903918167454,0.0,0.0,0.0,1.0,0.0,0.0,0.0,0.0,0.0,0.0,0.0,0.0,0.0,0.0,0.0,0.0,1.0,0.0,0.0,0.0,-0.9991210282680495,1.32821326721801,0.770572409545798,1.51566660494456,0.5856770739458378
2025-12-13,0.823383631995939,0.0,0.0,0.0,0.0,1.0,0.0,0.0,0.0,0.0,0.0,0.0,0.0,0.0,0.0,0.0,0.0,1.0,0.0,0.0,0.0,-0.9996942666129788,1.54466011201251,1.10811103478837,0.973846768044603,0.5856770739458378
2025-12-14,0.813927085466983,0.0,0.0,0.0,0.0,0.0,1.0,0.0,0.0,0.0,0.0,0.0,0.0,0.0,0.0,0.0,0.0,1.0,0.0,0.0,0.0,-0.999971679340883,1.21132767517018,0.66263028161423,0.770572409545798,0.597682718720165
2025-12-15,0.980800032252842,0.0,0.0,0.0,0.0,0.0,0.0,0.0,0.0,0.0,0.0,0.0,0.0,0.0,0.0,0.0,0.0,1.0,0.0,0.0,0.0,-0.9999531843608731,0.859918092433246,1.14330190930574,1.10811103478837,0.597682718720165
2025-12-16,1.71337707768885,1.0,0.0,0.0,0.0,0.0,0.0,0.0,0.0,0.0,0.0,0.0,0.0,0.0,0.0,0.0,0.0,1.0,0.0,0.0,0.0,-0.9996387871459109,0.890903918167454,1.32821326721801,0.66263028161423,0.597682718720165
2025-12-17,0.864785122800194,0.0,1.0,0.0,0.0,0.0,0.0,0.0,0.0,0.0,0.0,0.0,0.0,0.0,0.0,0.0,0.0,1.0,0.0,0.0,0.0,-0.9990285807311908,0.823383631995939,1.54466011201251,1.14330190930574,0.597682718720165
2025-12-18,0.609324909422913,0.0,0.0,1.0,0.0,0.0,0.0,0.0,0.0,0.0,0.0,0.0,0.0,0.0,0.0,0.0,0.0,1.0,0.0,0.0,0.0,-0.9981227456866079,0.813927085466983,1.21132767517018,1.32821326721801,0.597682718720165
2025-12-19,0.676108925416283,0.0,0.0,0.0,1.0,0.0,0.0,0.0,0.0,0.0,0.0,0.0,0.0,0.0,0.0,0.0,0.0,1.0,0.0,0.0,0.0,-0.9969215500633254,0.980800032252842,0.859918092433246,1.54466011201251,0.597682718720165
