Ward,ADF_lag1,KPSS_lag1,ADF_lag3,KPSS_lag3,ADF_lag7,KPSS_lag7,ADF_lag14,KPSS_lag14
Ward A,0.0020717264701493854,0.01,0.0020717264701493854,0.01,0.0020717264701493854,0.01,0.0020717264701493854,0.01
Ward B,0.006182719045059843,0.01,0.006182719045059843,0.01,0.006182719045059843,0.01,0.006182719045059843,0.01
Ward C,0.00023236309037716435,0.01,0.00023236309037716435,0.01,0.00023236309037716435,0.01,0.00023236309037716435,0.01
Ward D,0.00031752034645360784,0.01,0.00031752034645360784,0.01,0.00031752034645360784,0.01,0.00031752034645360784,0.01
Ward E,0.00040415443200903135,0.01,0.00040415443200903135,0.01,0.00040415443200903135,0.01,0.00040415443200903135,0.01
Ward F,1.357136924923423e-06,0.01,1.357136924923423e-06,0.01,1.357136924923423e-06,0.01,1.357136924923423e-06,0.01
Ward G,6.160883917186738e-08,0.01,6.160883917186738e-08,0.01,6.160883917186738e-08,0.01,6.160883917186738e-08,0.01
